year,LA_2023,activity_level_3cat,activity_level_3cat_label,n,n_frequent,weighted_n,weighted_frequent,sum_weight_squared,n_not_frequent,frequent_volunteer_rate,effective_n,small_cell,few_frequent_cases
3,8,0,inactive,41,0,69.10612786532026,0.0,255.7271500833592,41,0.0,18.674813788763828,False,True
3,8,1,fairly_active,16,0,18.94249946257092,0.0,33.184976970678115,16,0.0,10.812672439295275,True,True
3,8,2,active,71,8,88.49397326557897,9.094418195821,181.30841236415534,63,0.1027687859435102,43.19260867278561,False,False
3,9,0,inactive,28,1,72.91363166632058,1.4891266543767714,440.9812284237449,27,0.020423158473185904,12.055836711632697,True,True
3,9,1,fairly_active,17,0,41.0244288105175,0.0,181.12800275232996,17,0.0,9.291792178211763,True,True
3,9,2,active,101,15,196.35632892512385,25.058303305477995,623.9434812072202,86,0.1276164788914618,61.79375066849447,False,False
3,17,0,inactive,27,1,38.876664444555615,6.631478919268229,101.59158820619564,26,0.1705773634136176,14.877167145639733,True,True
3,17,1,fairly_active,13,0,15.736739209246759,0.0,29.42758689813314,13,0.0,8.415401568504235,True,True
3,17,2,active,97,12,153.33690007870965,19.254487231457222,418.6359677079319,85,0.12556982188614527,56.16384338517194,False,False
3,30,0,inactive,42,2,78.13046299254367,2.984271824532302,244.68556780298303,40,0.038196008448293774,24.947810785245732,False,True
3,30,1,fairly_active,17,2,24.696194751891824,7.507641330868527,75.72346991395432,15,0.30399992412974525,8.054332902552007,True,True
3,30,2,active,101,9,180.57164295895979,17.472631795357252,569.1063016875562,92,0.09676287765365474,57.29354629216365,False,False
3,35,0,inactive,22,1,42.07041868106981,2.8873044537775954,134.39263755631532,21,0.06863027619634267,13.169770012578612,True,True
3,35,1,fairly_active,26,4,66.9840887689958,8.718729899509928,404.62799292616813,22,0.1301612078291863,11.088872313961287,True,True
3,35,2,active,102,18,203.01044663190072,36.835376758382836,715.6628674531062,84,0.18144572050113694,57.587508470787476,False,False
3,44,0,inactive,25,2,42.2600838196602,2.7509806488766184,131.0375793656868,23,0.0650964314367216,13.629026826424738,True,True
3,44,1,fairly_active,23,3,34.679481859418374,3.434625538619255,85.55767763279135,20,0.09903912499449491,14.056791807738207,True,True
3,44,2,active,120,6,188.79479914735603,8.707220484093178,510.7860412870343,114,0.046120023027208044,69.78161755415078,False,False
3,68,0,inactive,25,2,56.135126295761694,2.542612598428869,237.91318139380792,23,0.045294502145278706,13.244967705362836,True,True
3,68,1,fairly_active,15,1,30.769424443086756,2.406594058841611,87.58652319478581,14,0.07821381460329271,10.809396765907781,True,True
3,68,2,active,111,22,252.58732575883843,63.33662565487001,1026.142535549622,89,0.2507514003903015,62.17494638776361,False,False
3,78,0,inactive,25,1,61.14376229539701,0.8987475751489985,275.17890068144527,24,0.014698924982845838,13.58592413291117,True,True
3,78,1,fairly_active,13,1,30.9858938385605,1.072905684132591,111.2753163153726,12,0.03462561673135954,8.628379129953558,True,True
3,78,2,active,115,14,240.27806440618102,42.02602717902046,931.0099335891979,101,0.17490580042286774,62.01174246574197,False,False
3,91,0,inactive,31,1,70.96024461957073,2.4535756244823723,253.79766316727773,30,0.034576763899791856,19.840042077733866,False,True
3,91,1,fairly_active,17,2,33.25750260293038,1.8497148316454877,98.34838081226155,15,0.055617971491416375,11.246361864312698,True,True
3,91,2,active,106,10,190.1123646772699,13.633799730109068,627.0607197079117,96,0.07171442927057098,57.638295729987256,False,False
3,107,0,inactive,27,1,48.27733379238598,6.697976140686128,191.99060661354716,26,0.13873956191305853,12.139661409544168,True,True
3,107,1,fairly_active,19,1,33.05035889322665,2.566215338285766,117.64176210333527,18,0.07764561185481368,9.28519093425002,True,True
3,107,2,active,120,15,163.81274494011654,30.466697744505446,429.0078000253095,105,0.18598490462779843,62.55041377623567,False,False
3,109,0,inactive,24,1,57.130623634945145,4.960261628386498,237.06488170342303,23,0.08682316615484047,13.767995214917676,True,True
3,109,1,fairly_active,16,1,25.574539725676406,0.9781060523309962,64.13468826173586,15,0.03824530422922898,10.19817979797409,True,True
3,109,2,active,132,10,189.88558747080873,11.16213240300856,553.780470525499,122,0.0587834629878085,65.10980117250979,False,False
3,112,0,inactive,28,1,44.730020659108455,0.3442233896652665,149.7623334569965,27,0.007695578597842021,13.359665958588858,True,True
3,112,1,fairly_active,14,3,19.265552436016023,4.032153891906608,51.2892305253922,11,0.20929344773777112,7.236636363283494,True,True
3,112,2,active,104,7,110.17700632927395,10.04574340496792,182.46478618568324,97,0.09117822075275224,66.52775572448145,False,False
3,114,0,inactive,27,0,54.46156854597784,0.0,187.53238127255247,27,0.0,15.816268253840812,True,True
3,114,1,fairly_active,18,0,33.471844930308265,0.0,112.34430542453518,18,0.0,9.972596286076852,True,True
3,114,2,active,122,21,155.35539866573927,26.75712027427431,327.1390530598478,101,0.17223167333788378,73.7768837711204,False,False
3,117,0,inactive,52,2,76.9371075855872,5.188961474337383,208.46326109504466,50,0.06744419743834304,28.395020266604313,False,True
3,117,1,fairly_active,24,1,40.45926107796075,1.3098048075424742,131.07232217914083,23,0.03237342385019385,12.488920465888395,True,True
3,117,2,active,98,16,141.16461399506855,21.584732497610382,360.8824696661274,82,0.15290469677028568,55.218665131649935,False,False
3,122,0,inactive,28,3,48.08719720183204,4.4345391910234095,118.68270570111869,25,0.09221870786959613,19.483702541726657,True,True
3,122,1,fairly_active,19,1,31.88800229456293,1.605342083088647,82.97782773053484,18,0.05034313746779823,12.25441443996568,True,True
3,122,2,active,107,17,163.1974638116195,32.188208916948945,556.1970663806575,90,0.19723473738601796,47.88484838270818,False,False
3,126,0,inactive,38,1,72.36812270969848,2.085999275233461,239.3463161256706,37,0.028824836089798193,21.881035268477557,False,True
3,126,1,fairly_active,17,2,25.806607761426275,5.402457186642387,62.845789371240286,15,0.20934394929338845,10.597066419486735,True,True
3,126,2,active,104,15,155.07670700216002,25.173531846261998,357.66456495252436,89,0.16232954860146317,67.23837755027807,False,False
3,129,0,inactive,42,3,78.57596468004853,5.400799649126429,203.7976637210685,39,0.068733481938374,30.295647715818,False,True
3,129,1,fairly_active,19,2,27.817709573747507,4.648159576171109,63.62342966586496,17,0.16709354031640802,12.162578628554092,True,True
3,129,2,active,95,9,149.4679318221343,17.58475192782375,395.1673546973376,86,0.11764899476062511,56.534686829829624,False,False
3,135,0,inactive,17,0,27.281306645046733,0.0,69.3350378260093,17,0.0,10.734395128315295,True,True
3,135,1,fairly_active,20,1,21.997714265094764,0.3411540971480281,47.14337491583586,19,0.015508615715104545,10.264420690131962,True,True
3,135,2,active,114,11,155.5173415796945,13.91682452351032,385.05934021582175,103,0.08948728406843733,62.81017237098981,False,False
3,136,0,inactive,30,0,33.56186919870821,0.0,82.90662063198813,30,0.0,13.586358429818771,False,True
3,136,1,fairly_active,8,0,5.698950007763456,0.0,6.011315948294314,8,0.0,5.402815534958298,True,True
3,136,2,active,112,9,116.1965409721362,15.268149835665184,207.97254298494633,103,0.13139934896449687,64.92028197619634,False,False
3,139,0,inactive,20,2,20.078741228737933,3.510048001396839,32.87691808496268,18,0.17481414603685622,12.262580339457571,True,True
3,139,1,fairly_active,15,3,13.85845591130359,3.440122811410806,20.246226022038545,12,0.24823276369518804,9.486054341015782,True,True
3,139,2,active,115,23,119.59468853253468,27.751493889200933,220.73242297712994,92,0.23204620731673536,64.7974109661085,False,False
3,142,0,inactive,27,0,50.576753948437016,0.0,156.4181145873293,27,0.0,16.353656011705635,True,True
3,142,1,fairly_active,16,0,31.577423000230954,0.0,101.91882512798703,16,0.0,9.783606140311568,True,True
3,142,2,active,127,15,258.5925659543839,28.49624028789767,840.8180743224409,112,0.11019744586518566,79.52982602182824,False,False
3,147,0,inactive,26,0,46.58567098010338,0.0,126.50781987499637,26,0.0,17.154866337992917,True,True
3,147,1,fairly_active,9,0,26.85764866428628,0.0,212.9490366563818,9,0.0,3.387351749039346,True,True
3,147,2,active,108,11,207.19899576941654,14.08768735028167,717.4843335213634,97,0.06799109859566739,59.83604357902874,False,False
3,160,0,inactive,27,4,38.01209529249043,8.744634933819661,86.6397209489006,23,0.23004874807696352,16.677331975452397,True,True
3,160,1,fairly_active,16,0,19.697194879220262,0.0,34.3678615286739,16,0.0,11.289020289676177,True,True
3,160,2,active,126,13,138.61080402816606,18.20328123208528,257.0267392737153,113,0.1313265683704304,74.75080237809118,False,False
3,171,0,inactive,37,1,80.17521032080732,3.190935559118025,300.58812919045675,36,0.03979952838726639,21.38495744092668,False,True
3,171,1,fairly_active,21,1,55.035300949757044,0.8865330541135773,221.90656378809427,20,0.016108443831767415,13.649367999419377,True,True
3,171,2,active,109,14,198.33674960346812,24.509437571048725,673.9631182861044,95,0.1235748675928697,58.36738714027025,False,False
3,196,0,inactive,38,2,72.10721847313155,3.7677280441495538,203.65078047130459,36,0.05225174571882116,25.531210555142227,False,True
3,196,1,fairly_active,15,2,36.1554099554252,4.67839480711136,127.40592345498474,13,0.1293968126175086,10.260226790057578,True,True
3,196,2,active,101,13,168.16470918630299,16.49641816273243,442.83681691266816,88,0.098096790001621,63.85957159765881,False,False
3,201,0,inactive,18,0,20.358094447538658,0.0,33.251970991467694,18,0.0,12.463983252037927,True,True
3,201,1,fairly_active,11,1,13.13571239944505,0.5952031481845044,22.555273237464668,10,0.04531182855447187,7.649960096884626,True,True
3,201,2,active,129,23,139.6258552135245,24.02668847846749,276.518482200675,106,0.17207907834637357,70.50298876571989,False,False
3,241,0,inactive,19,0,33.775377986273824,0.0,99.09966645098555,19,0.0,11.511402600733227,True,True
3,241,1,fairly_active,20,4,39.050547968616144,11.137264294159479,126.34194895291128,16,0.2852012295220593,12.069983954557726,True,True
3,241,2,active,130,9,241.27843462262314,20.63272504033954,870.3911093574625,121,0.08551416985364071,66.88405061595694,False,False
3,255,0,inactive,31,3,42.24727139708393,2.655851716769238,117.46932826870284,28,0.06286445559541048,15.194025255819868,False,True
3,255,1,fairly_active,25,0,33.2348898069845,0.0,70.90374825804774,25,0.0,15.578272342704143,True,True
3,255,2,active,107,7,110.15747939277706,9.850064295698573,184.33014525182367,100,0.08941802544861456,65.83117617355673,False,False
3,272,0,inactive,38,1,72.95069289745257,0.8254625964287521,266.88751313731154,37,0.01131534963744775,19.94024947686635,False,True
3,272,1,fairly_active,18,0,22.865469969343238,0.0,66.09181352928103,18,0.0,7.910657750181198,True,True
3,272,2,active,136,11,185.48979556117075,11.90717152490422,407.5161919046659,125,0.06419313520121638,84.42968633102547,False,False
3,279,0,inactive,37,1,56.77830534441139,0.7624574915481998,144.7306664683901,36,0.01342867644469504,22.274311564006403,False,True
3,279,1,fairly_active,20,1,23.762506837187185,3.46471209907805,50.67691199284765,19,0.14580583281120582,11.14228766083974,True,True
3,279,2,active,114,13,162.44534568097035,20.148151337454635,377.3044861823065,101,0.12403033926883933,69.93950853968782,False,False
3,280,0,inactive,29,1,57.30097869066821,1.475841161967042,201.95256112598943,28,0.025755950346575688,16.258284324802595,True,True
3,280,1,fairly_active,15,0,19.724468945888763,0.0,40.29922904366692,15,0.0,9.654146851686995,True,True
3,280,2,active,125,14,209.256896568615,31.638190448112333,627.9048354436644,111,0.15119305966452687,69.7373969585503,False,False
3,293,0,inactive,22,1,28.716023547556723,1.8122333847073904,54.17187925620224,21,0.0631087859956008,15.222104525558269,True,True
3,293,1,fairly_active,20,0,34.57378128555266,0.0,89.01488859891221,20,0.0,13.428611451363869,True,True
3,293,2,active,123,4,180.44649566806385,5.908208916489411,443.5900048760567,119,0.032742164898329304,73.40322694597779,False,True
4,8,0,inactive,50,3,65.30146684182097,4.86446704954793,135.12305472444126,47,0.07449246218819365,31.558504804303496,False,True
4,8,1,fairly_active,27,2,26.62120696375928,0.7433623389853785,40.436046147028144,25,0.02792369031191385,17.52616112936628,True,True
4,8,2,active,96,13,104.9283776171229,10.722610810742642,182.8783841348088,83,0.10218980846028879,60.20374951063403,False,False
4,9,0,inactive,39,1,92.6718047332118,2.552582516634996,310.19059476045584,38,0.02754432725232337,27.686408090943747,False,True
4,9,1,fairly_active,23,2,57.95727728606575,4.246676531613961,211.05682870381182,21,0.07327253332921764,15.915362753449948,True,True
4,9,2,active,111,15,215.75690752231583,33.074422083284624,689.0159233787399,96,0.153294846793555,67.5616361887835,False,False
4,17,0,inactive,29,0,45.181184299908765,0.0,115.27197278913233,29,0.0,17.708896320153695,True,True
4,17,1,fairly_active,18,0,25.24178542714142,0.0,58.60735338188863,18,0.0,10.871463985042293,True,True
4,17,2,active,116,18,187.3689102577206,27.494268693850458,469.47124789919496,98,0.1467386913657814,74.78010354896955,False,False
4,30,0,inactive,42,2,81.29990971389293,4.752796101971755,297.8470815343662,40,0.058460041575662085,22.19150607565884,False,True
4,30,1,fairly_active,23,2,33.405350438679044,5.3908992709711825,68.2932315303898,21,0.16137831814897602,16.340088364897216,True,True
4,30,2,active,101,16,188.9769356918032,29.612418122995003,567.2722995426408,85,0.15669858342548745,62.95439113148428,False,False
4,35,0,inactive,30,4,71.87242334474763,7.506241960909891,280.3140069237317,26,0.10443841478538987,18.42806677460146,False,True
4,35,1,fairly_active,17,3,25.046129145413346,3.5739430290629404,53.07946265932214,14,0.14269442628492676,11.81829192949737,True,True
4,35,2,active,121,21,254.0528215936787,53.24826081345168,880.4160386266667,100,0.2095952348784171,73.30947339440553,False,False
4,44,0,inactive,25,1,37.586423640395346,1.7276803576648216,91.03086627367216,24,0.045965542617042915,15.519343052586779,True,True
4,44,1,fairly_active,23,2,50.716538797255964,0.8679422450463078,149.50754042224884,21,0.0171135938222438,17.204264750186436,True,True
4,44,2,active,104,9,169.40919784793715,21.651918283889103,456.1919731088605,95,0.12780839859311544,62.91096294373639,False,False
4,68,0,inactive,38,1,104.94296653556974,0.641709432023754,456.9944700000997,37,0.006114839833560934,24.098817268583815,False,True
4,68,1,fairly_active,23,2,54.34160967607901,2.61925063900057,230.61306334314403,21,0.04819972493662725,12.805044516465008,True,True
4,68,2,active,106,16,237.74647962006316,52.958919196625,907.6896738032075,90,0.22275374710598178,62.2717104788698,False,False
4,78,0,inactive,34,0,74.92904040806108,0.0,266.8411297285198,34,0.0,21.040088918019567,False,True
4,78,1,fairly_active,23,3,62.301802631519585,2.453492773982574,301.2691363728532,20,0.03938076701397575,12.88387737910539,True,True
4,78,2,active,91,12,172.29357513884347,31.760436811670512,700.6499479078096,79,0.18433906653847212,42.36791299673402,False,False
4,91,0,inactive,26,2,49.404710098955995,4.371392462028392,148.77823557871912,24,0.08848128960321065,16.40579598533036,True,True
4,91,1,fairly_active,30,2,54.90863873424333,3.267495145220364,193.762461762319,28,0.05950785196178278,15.560075879640618,False,True
4,91,2,active,94,10,222.39795152605748,18.74522962617439,837.0603662347256,84,0.08428688078081549,59.08874776316547,False,False
4,107,0,inactive,33,0,65.3583479028432,0.0,189.04557443532892,33,0.0,22.596210746263253,False,True
4,107,1,fairly_active,26,2,42.52473073834057,6.772466132265632,117.75855283489591,24,0.15925947124597623,15.356444868202306,True,True
4,107,2,active,102,8,168.57875067961456,15.643817284601491,484.9956636282735,94,0.0927982751179163,58.59597788585863,False,False
4,109,0,inactive,35,2,78.42182084958193,2.944668119768761,458.5695491533212,33,0.03754909141190209,13.411230633867705,False,True
4,109,1,fairly_active,17,0,24.02323699012621,0.0,50.11788261234369,17,0.0,11.515169544326051,True,True
4,109,2,active,135,7,181.60741930106164,8.109173959790203,412.8899449310311,128,0.0446522173543314,79.87904561517183,False,False
4,112,0,inactive,40,0,49.30929777492926,0.0,100.69912086215335,40,0.0,24.145263893465245,False,True
4,112,1,fairly_active,17,1,23.47217979851503,0.4557315166098476,48.26332498681157,16,0.019415815681451093,11.415359895829136,True,True
4,112,2,active,139,12,142.85578212287083,12.34688763002696,270.9026224697584,127,0.08642903665885467,75.33250988818064,False,False
4,114,0,inactive,34,3,54.07773666962045,4.3888475810677825,151.2008121639724,31,0.08115812257234001,19.341176554907612,False,True
4,114,1,fairly_active,23,1,30.48978859503264,1.8178369158931975,72.4455742876104,22,0.05962117153509413,12.832077289899637,True,True
4,114,2,active,114,14,166.0251469968773,17.44376922342505,418.11787007231266,100,0.10506703074175348,65.92482983462898,False,False
4,117,0,inactive,36,4,54.62958210144135,5.16043356548806,126.252941004754,32,0.09446225592400984,23.638191845889317,False,True
4,117,1,fairly_active,18,3,31.22832434155455,4.579907569439725,76.70065699146737,15,0.14665876783357812,12.714470506945155,True,True
4,117,2,active,98,11,164.61322360873172,16.59670591861629,503.2322190972297,87,0.10082243427821395,53.84693658023273,False,False
4,122,0,inactive,27,1,48.9779869645054,1.8633673617854185,133.84769292912193,26,0.03804499689086468,17.922185691803822,True,True
4,122,1,fairly_active,20,0,39.71561054774825,0.0,121.67957561242855,20,0.0,12.962978488719358,True,True
4,122,2,active,112,15,181.94915110909406,23.519704340466102,491.3118557271639,97,0.1292652600855721,67.38183335780144,False,False
4,126,0,inactive,40,2,66.31276896158636,1.8726641742146763,179.8497332069558,38,0.02823987300695395,24.450318879776127,False,True
4,126,1,fairly_active,24,2,63.46554299562856,5.96962570398067,247.56113654094304,22,0.09406089386790327,16.270224010156074,True,True
4,126,2,active,103,18,185.28956391820097,38.587792168373255,590.9426853073875,85,0.2082566948314933,58.09738126995967,False,False
4,129,0,inactive,36,1,51.10989689165079,1.112091373016149,102.22747030280283,35,0.021758826384911334,25.553029460062405,False,True
4,129,1,fairly_active,26,2,41.550768031967074,4.060578872248321,139.91899898417256,24,0.09772572360453881,12.339041420969803,True,True
4,129,2,active,128,20,189.9266335909664,40.58483760538868,464.1380158220549,108,0.21368692130243203,77.71853396517909,False,False
4,135,0,inactive,30,0,47.91248090748021,0.0,119.37052046571304,30,0.0,19.230927516723238,False,True
4,135,1,fairly_active,17,2,23.820340333643635,2.6892150945015016,45.164981057675824,15,0.11289574610750958,12.563021179750463,True,True
4,135,2,active,120,14,216.80563373442516,33.645174803401005,779.6374463614302,106,0.15518588804114966,60.29043761091348,False,False
4,136,0,inactive,31,2,40.133957877080434,4.259059137808904,81.38085903259591,29,0.106121084565177,19.79254819900722,False,True
4,136,1,fairly_active,12,2,11.131100679017564,1.8016294559970154,13.988879986531295,10,0.1618554631702449,8.857135270709264,True,True
4,136,2,active,106,8,117.33440400698206,10.088300258725912,227.3030928401321,98,0.08597904718658307,60.56830196039881,False,False
4,139,0,inactive,21,0,29.989844992540867,0.0,56.969259767059725,21,0.0,15.787300139656484,True,True
4,139,1,fairly_active,22,1,14.047734619359487,0.5642909520761659,11.945916936054232,21,0.04016953390466989,16.51935544105102,True,True
4,139,2,active,131,15,128.8943677102371,14.602557445344598,188.44071863320022,116,0.11329088853728732,88.16437417520406,False,False
4,142,0,inactive,32,1,61.13844164019563,2.5228186296433632,186.1935662534946,31,0.041264032284145255,20.075393158873187,False,True
4,142,1,fairly_active,20,2,38.57613710239675,1.4851941687417805,148.76101279006352,18,0.03850033415215918,10.00341639138336,True,True
4,142,2,active,136,22,253.1957735009384,47.26697250361539,822.2215051437096,114,0.18668152256277773,77.96937846758648,False,False
4,147,0,inactive,25,0,59.4883200834542,0.0,249.15468892196176,25,0.0,14.203466295028923,True,True
4,147,1,fairly_active,18,1,28.78753269745079,3.519666604535734,62.712396525725275,17,0.12226357296842634,13.214644706917682,True,True
4,147,2,active,145,13,233.08568182860589,21.313299130817338,685.1900012621271,132,0.0914397613942223,79.29032089410475,False,False
4,160,0,inactive,35,1,54.335647507400736,0.321941057696652,145.45137241568648,34,0.005925043180037604,20.297935598785045,False,True
4,160,1,fairly_active,19,1,25.95602037071849,0.3492788856215691,56.23167091057735,18,0.01345656539920109,11.981059473699997,True,True
4,160,2,active,126,15,126.98419804267606,12.872340344244224,218.18254379407202,111,0.10136962348589364,73.90594257513504,False,False
4,171,0,inactive,43,3,109.02021862823902,5.403386541329159,393.0559560097722,40,0.04956316002038858,30.2384632213881,False,True
4,171,1,fairly_active,17,1,35.65791582223224,2.989491035307555,137.75718161647694,16,0.0838380753998989,9.229914156673772,True,True
4,171,2,active,101,10,201.49266245692863,26.40959065368454,633.1835044240577,91,0.13106973887612355,64.11931571229229,False,False
4,196,0,inactive,42,0,79.60359093006512,0.0,223.02509753521315,42,0.0,28.412639469693083,False,True
4,196,1,fairly_active,23,2,52.32931218900686,6.75694341724534,205.0681441750203,21,0.12912348996371506,13.353399793960325,True,True
4,196,2,active,118,14,198.58679765096502,26.903435700357793,552.0516418290414,104,0.13547444250369106,71.43664326512054,False,False
4,201,0,inactive,17,0,18.840027889986313,0.0,32.61865771735556,17,0.0,10.881706229947165,True,True
4,201,1,fairly_active,18,4,23.691367025882624,4.813473809674708,63.81999151468272,14,0.20317416907247385,8.794750018510229,True,True
4,201,2,active,124,25,141.05710992360144,29.367811597750862,281.35329935629835,99,0.20819802428716205,70.71929956222696,False,False
4,241,0,inactive,26,0,53.55264609695616,0.0,151.77160013249159,26,0.0,18.896064227314362,True,True
4,241,1,fairly_active,17,1,30.818996879965745,1.2429988518018444,95.49458363498853,16,0.04033222939225094,9.946224513819804,True,True
4,241,2,active,133,18,227.80445125568025,40.5157346853331,695.5400195222045,115,0.17785313000692674,74.6109016811863,False,False
4,255,0,inactive,28,2,34.39728969070348,2.016071815854614,62.51124659977777,26,0.058611356708127366,18.927370712046912,True,True
4,255,1,fairly_active,15,1,18.693012106257555,1.1377355860859126,31.29860704555263,14,0.0608642191862194,11.164353132269621,True,True
4,255,2,active,143,25,180.28068889644481,29.14689214509315,384.49898936913297,118,0.1616750652746587,84.5285103149503,False,False
4,272,0,inactive,43,5,67.20676031198516,12.953857730840422,171.40513338231628,38,0.19274634978246863,26.351303152386294,False,False
4,272,1,fairly_active,23,1,27.01481017591494,0.4669174469143031,43.90789191116588,22,0.017283758200551173,16.621157087596988,True,True
4,272,2,active,140,9,205.75752391035473,16.000058958244587,636.1898336126652,131,0.07776171998072623,66.54642436725253,False,False
4,279,0,inactive,23,0,29.87229110439117,0.0,54.01184221057917,23,0.0,16.52144676618167,True,True
4,279,1,fairly_active,23,0,35.2281061887352,0.0,87.42370702071821,23,0.0,14.195456906794156,True,True
4,279,2,active,110,9,150.86236370766622,6.85401613268826,302.0804059756319,101,0.04543224674624375,75.34236691041828,False,False
4,280,0,inactive,16,0,23.465498552535927,0.0,47.898641972597005,16,0.0,11.49572513212552,True,True
4,280,1,fairly_active,16,1,29.57382101228778,3.512826863978955,85.46271344385272,15,0.11878163672253891,10.233830099970275,True,True
4,280,2,active,149,15,329.74082704242977,23.65313749055492,1173.0086648538102,134,0.0717325109623484,92.6924210164946,False,False
4,293,0,inactive,36,0,57.92105749979332,0.0,150.76008073061382,36,0.0,22.25289934600783,False,True
4,293,1,fairly_active,14,0,22.788682733921853,0.0,52.166743653681536,14,0.0,9.955079124642621,True,True
4,293,2,active,108,14,182.48847136862682,23.874745255690023,545.1458026923118,94,0.1308287864796841,61.088321726021405,False,False
5,8,0,inactive,103,7,124.91827484222367,11.234545273800773,244.7385119688714,96,0.08993516191278188,63.76019558189557,False,False
5,8,1,fairly_active,45,6,49.617158255617525,8.853925869555642,106.14221511733382,39,0.17844484006806705,23.193998642684758,False,False
5,8,2,active,187,21,231.7544475722246,31.25625169729249,443.07458128215546,166,0.13486796920068472,121.22140659498523,False,False
5,9,0,inactive,79,6,178.86984350953927,20.448317013221683,618.2172510658619,73,0.11431953319806622,51.75271453840187,False,False
5,9,1,fairly_active,41,3,95.63457224824792,3.370976805324341,451.2781654982095,38,0.035248516578021284,20.26681569893423,False,True
5,9,2,active,228,28,518.9637755426432,78.49768397778573,1994.8021021733057,200,0.15125850334294783,135.01259098937754,False,False
5,17,0,inactive,90,8,158.09448299717394,16.22070004147886,398.9267423406571,82,0.10260130356205294,62.65277029936642,False,False
5,17,1,fairly_active,39,5,59.6312723437054,7.007787024346406,151.63163796260437,34,0.11751865672016203,23.450835782741613,False,False
5,17,2,active,199,33,311.139883799069,45.212175293025474,852.7723515651851,166,0.14531141022802155,113.5215360967273,False,False
5,30,0,inactive,111,10,195.21411756844105,14.481961816317332,665.4839901145683,101,0.07418501282951542,57.26441546920526,False,False
5,30,1,fairly_active,47,4,65.41042910235598,2.1714481400887617,306.5868549442116,43,0.0331972770992042,13.955341419099277,False,True
5,30,2,active,239,31,396.07634136935036,52.569666510908725,1188.957041358176,208,0.13272609600755297,131.94460584827033,False,False
5,35,0,inactive,50,3,119.80280898715267,2.8179158741867045,499.6503329671735,47,0.02352128383307682,28.72551481348687,False,True
5,35,1,fairly_active,33,4,56.495684920289236,5.595329719774627,125.57978868682676,29,0.09903994840790367,25.4162110638064,False,True
5,35,2,active,256,53,527.1053974438403,113.74942515062135,2020.2203167380899,203,0.21580015249747206,137.5296039310396,False,False
5,44,0,inactive,76,4,148.98061324974051,4.434946930610913,509.7670925215628,72,0.02976861776757814,43.539929214496944,False,True
5,44,1,fairly_active,37,6,67.8141284646199,10.67333263584931,218.21170340428054,31,0.1573909873577129,21.074745064868775,False,False
5,44,2,active,268,24,364.8650651037473,41.578993978817344,774.5141752331925,244,0.11395718021673187,171.8838983070642,False,False
5,68,0,inactive,89,6,244.22480212136125,13.451639402229464,1170.3362733160752,83,0.055078924357342775,50.96462899694249,False,False
5,68,1,fairly_active,33,6,77.10718354695038,16.84227064708066,256.02107683078384,27,0.2184267388890614,23.2227667664751,False,False
5,68,2,active,212,34,486.3508123676826,67.99139252457377,2082.2895067757677,178,0.13979907259447957,113.59472922521738,False,False
5,78,0,inactive,84,5,168.71242677598488,9.695516499778586,533.8612121987933,79,0.05746770812948012,53.31700879973838,False,False
5,78,1,fairly_active,44,4,83.01188869690733,7.2686707375488595,336.74889909130985,40,0.08756180411806073,20.463240365811075,False,True
5,78,2,active,231,37,437.98116099787467,58.87409156920015,2063.3346080319716,194,0.13442151583658146,92.9696505076378,False,False
5,91,0,inactive,99,10,192.79317864752161,18.44354001062461,582.510346578268,89,0.09566489924596563,63.80866872382842,False,False
5,91,1,fairly_active,45,5,80.74399110258851,19.87582198401084,284.1277635921507,40,0.2461585278681333,22.945987455606055,False,False
5,91,2,active,228,26,400.9734090793247,46.94254067424897,1192.7890395038673,202,0.11707145564099565,134.79305180031727,False,False
5,107,0,inactive,83,4,144.45223313390326,3.814531523452345,455.3102456542283,79,0.026406871259071357,45.82907557326952,False,True
5,107,1,fairly_active,37,1,60.57599366346165,1.218290252074863,132.99964811845288,36,0.020111766698260765,27.589930200774962,False,True
5,107,2,active,240,27,380.8822800057565,37.954327356683045,1037.3493232927244,213,0.09964844611859973,139.8480800680549,False,False
5,109,0,inactive,58,2,82.5478272795424,0.6783818476858967,187.87218349143143,56,0.008218046071504758,36.270104823069495,False,True
5,109,1,fairly_active,46,2,61.77647722950467,1.251981904481505,127.77313569282087,44,0.020266320784694307,29.868040086785907,False,True
5,109,2,active,302,30,438.4977364659251,73.64885935279919,1404.0386105167215,272,0.16795721671535316,136.947989496511,False,False
5,112,0,inactive,60,3,64.13220949842658,0.9545545995463895,117.64640560823935,57,0.014884168298767387,34.96018661926741,False,True
5,112,1,fairly_active,38,2,39.47600017266804,4.2232092387603135,68.65499362057034,36,0.10698169065477746,22.698342938387142,False,True
5,112,2,active,258,35,302.4131511242324,42.22718475338855,606.1984455367973,223,0.13963408865126198,150.8643162090333,False,False
5,114,0,inactive,77,9,136.11466463517453,17.872488916848514,364.1559887868557,68,0.13130465379870565,50.87710349201533,False,False
5,114,1,fairly_active,32,4,40.900450808908424,5.420163040516092,77.44355279050744,28,0.13252086305453484,21.600853990998527,False,True
5,114,2,active,261,30,394.2476143902548,46.04391760629483,1879.8849068713762,231,0.11678933727349643,82.68122207070935,False,False
5,117,0,inactive,103,9,148.5851209703325,8.667286994180118,353.53797875514556,94,0.05833213270331884,62.44742998052516,False,False
5,117,1,fairly_active,51,5,66.16596618414162,4.862750817407216,125.52125658733323,46,0.07349323372493424,34.878037394685904,False,False
5,117,2,active,210,30,300.93645651062553,43.47018490138655,692.3594644706847,180,0.1444497134226464,130.80308063154405,False,False
5,122,0,inactive,72,6,152.3976547318,20.067791049318117,525.6069722725931,66,0.1316804453758479,44.18709490730999,False,False
5,122,1,fairly_active,41,4,76.46585191783613,10.32676637813671,200.60128558227024,37,0.1350506941220376,29.147502681992894,False,True
5,122,2,active,190,33,321.8619100072023,42.695276333400294,1025.7402656664653,157,0.13265091334493387,100.99543966539564,False,False
5,126,0,inactive,100,12,210.8509441543742,20.09339041740718,1248.9734060450064,88,0.09529665849015992,35.595730409962776,False,False
5,126,1,fairly_active,34,4,41.06954758437172,3.8551379193850446,82.9363388232586,30,0.0938685265881051,20.337378798206053,False,True
5,126,2,active,247,35,358.21684709822506,51.58859639421859,868.5239299571225,212,0.14401499207007623,147.74412669473372,False,False
5,129,0,inactive,88,13,134.5552765820066,18.90793454884374,287.1122134778849,75,0.14052168765986695,63.05939492001046,False,False
5,129,1,fairly_active,47,4,74.29972896944057,4.92578172514424,217.76329721610452,43,0.06629609277808014,25.350689466526248,False,True
5,129,2,active,223,35,331.636171640219,64.15181182491638,890.6112957731443,188,0.1934403340493043,123.49107951152176,False,False
5,135,0,inactive,71,3,92.07951223492125,3.779747168731137,215.36931131154037,68,0.04104873143862793,39.36789564765949,False,True
5,135,1,fairly_active,37,2,53.78341474956207,1.5273727892085915,173.09286868248347,35,0.028398583398258997,16.711582193658217,False,True
5,135,2,active,297,34,397.9888590390931,46.08161988094579,942.9478623701352,263,0.11578620565461444,167.9786743681744,False,False
5,136,0,inactive,52,4,52.66111444307907,3.832271885262357,85.80701212126222,48,0.07277232785121981,32.318955127676546,False,True
5,136,1,fairly_active,42,3,44.367168790299985,4.011486821456652,71.74581883647029,39,0.09041565939032119,27.436381637146443,False,True
5,136,2,active,238,19,246.27358723082276,26.691453084535265,475.76394255845406,219,0.10838130627267956,127.48061452783574,False,False
5,139,0,inactive,46,6,57.247244757773466,7.9317733291785295,106.60197167965126,40,0.13855292709264394,30.742836935557353,False,False
5,139,1,fairly_active,34,5,42.87597201282408,7.324103988807689,94.25776529652262,29,0.17082071017811726,19.5034220285328,False,False
5,139,2,active,265,46,263.34881508601836,49.22797253715033,377.44692960871504,219,0.18693067793402016,183.74132352621098,False,False
5,142,0,inactive,46,1,83.82709352962085,0.7497612415601516,235.8423363988796,45,0.008944139776183682,29.795251000817277,False,True
5,142,1,fairly_active,31,4,68.83075940789715,12.857026318047987,250.54684501420462,27,0.186791870795092,18.909331867257087,False,True
5,142,2,active,286,30,565.3643077636663,53.391443224883865,1886.7561283342309,256,0.09443723717911562,169.41076575449566,False,False
5,147,0,inactive,69,9,139.76658334003815,15.786739146558016,720.801732749829,60,0.11295074093748471,27.10134691827635,False,False
5,147,1,fairly_active,46,5,88.89780223084183,17.930925800160086,358.8603203858265,41,0.20170268949505263,22.021992381261875,False,False
5,147,2,active,285,29,410.6223754330297,34.61661997514542,1027.4242846721554,256,0.08430280970110263,164.11013222260615,False,False
5,160,0,inactive,76,6,95.6653209566618,5.68517692715362,209.5207604413101,70,0.05942777247074844,43.679937083393156,False,False
5,160,1,fairly_active,50,2,57.908092980812036,3.982527053357387,120.21528739954341,48,0.06877323787327974,27.894515790901885,False,True
5,160,2,active,259,35,275.27911575464225,35.09723990666356,542.3814810900539,224,0.1274969218440309,139.71456292785166,False,False
5,171,0,inactive,127,12,229.24622321336017,16.674032186603174,705.0664782502788,115,0.07273416308841259,74.53741239834497,False,False
5,171,1,fairly_active,50,6,96.01433377752687,11.49455152449467,342.9600448926717,44,0.11971703674087343,26.8799600070828,False,False
5,171,2,active,214,22,369.1081367720979,25.671326727585154,1317.5411115195514,192,0.0695496093694506,103.40536279299852,False,False
5,196,0,inactive,125,9,223.2609223380319,16.918408164428072,603.0386468408705,116,0.07577863598902668,82.65712273061315,False,False
5,196,1,fairly_active,50,4,86.71273609010397,7.006707771341633,254.15467271679046,46,0.08080367529933435,29.58473483826402,False,True
5,196,2,active,216,43,292.2619191856255,51.36457332791703,666.3329681832823,173,0.17574842959713008,128.18970917640414,False,False
5,201,0,inactive,51,6,70.9438621890125,6.542687135154555,155.51173853187376,45,0.09222344165198071,32.36431943857425,False,False
5,201,1,fairly_active,30,2,35.06094351613708,2.6505539227580366,59.70845013113047,28,0.07559847673631766,20.5878691800249,False,True
5,201,2,active,305,62,318.7302343519498,66.33567539662405,593.3863765109215,243,0.20812482860780182,171.20204694854337,False,False
5,241,0,inactive,74,6,142.18027760268743,10.739903911879052,424.1515868206216,68,0.07553722705402885,47.66039304652302,False,False
5,241,1,fairly_active,44,3,60.86753298917313,5.8390465920055625,116.16179658485609,41,0.09593039680192375,31.893933126987104,False,True
5,241,2,active,275,30,471.8827094301236,62.39518258233258,1552.6628051637422,245,0.13222604120775072,143.41381188405012,False,False
5,255,0,inactive,70,2,104.91662638725974,4.112774044530763,269.13509954092234,68,0.039200403083397145,40.89952782546723,False,True
5,255,1,fairly_active,31,3,32.23922991128263,2.2429946800187044,47.84314337597727,28,0.0695734571263358,21.724491158631146,False,True
5,255,2,active,241,36,285.55061127571787,35.602600980395856,560.2705740560131,205,0.1246805279853497,145.53530985866885,False,False
5,272,0,inactive,94,5,200.64024350256108,8.106246830086805,694.0555507880035,89,0.04040189888417541,58.001851965683926,False,False
5,272,1,fairly_active,34,1,52.94862989764982,1.9618640221430348,121.45927300987832,33,0.0370522150608115,23.082283785860323,False,True
5,272,2,active,264,31,403.27042150694814,42.98684350351382,1105.595141139866,233,0.10659557758508499,147.09456184360897,False,False
5,279,0,inactive,74,6,123.66674882271532,15.053239898582856,351.8977301324516,68,0.12172423098275752,43.45996991405491,False,False
5,279,1,fairly_active,28,4,63.131844456721524,6.6965235226585005,270.2597903269887,24,0.10607203987599534,14.747402044845243,True,True
5,279,2,active,256,43,380.6827705928032,60.47950672804789,1023.3658154691161,213,0.15887114258906063,141.61052639791475,False,False
5,280,0,inactive,56,6,120.21223721308967,10.449835906908048,416.0631563686464,50,0.08692822086311015,34.73266439139367,False,False
5,280,1,fairly_active,34,4,72.87041530710863,8.293677395006117,277.0893402220164,30,0.11381405416797528,19.163845937832914,False,True
5,280,2,active,273,51,533.5050275898014,99.32140800716402,1906.8972961783006,222,0.18616770765191318,149.2621626943569,False,False
5,293,0,inactive,85,4,155.60639262877427,11.8624042625665,428.32916282484445,81,0.0762333992978444,56.52977085952413,False,True
5,293,1,fairly_active,36,3,71.2735102265625,1.7553121289159783,368.41275771382834,33,0.024627833304915598,13.78864643976805,False,True
5,293,2,active,219,28,344.9264532974629,56.412270445135675,961.8396571290297,191,0.16354869249905285,123.69448202987392,False,False
6,8,0,inactive,139,8,149.58265100941182,4.35831737599148,250.56140771970556,131,0.029136516478219472,89.29934456639707,False,False
6,8,1,fairly_active,49,1,56.175304580858146,1.2888381262282682,97.52941850283392,48,0.022943144426980866,32.356030551545715,False,True
6,8,2,active,198,22,213.1788525430138,26.347495996096722,395.2140504106045,176,0.12359338499948301,114.98888545167122,False,False
6,9,0,inactive,83,1,195.38443764541057,1.068534314394498,851.3314737591269,82,0.00546888138723569,44.841615341023406,False,True
6,9,1,fairly_active,40,5,92.96454453483291,15.704375385183676,366.0320769310665,35,0.16892865407735524,23.611063306335645,False,False
6,9,2,active,279,31,525.3606164711289,56.232524951875334,1560.1970457221016,248,0.10703604950365667,176.90315341622926,False,False
6,17,0,inactive,90,7,151.4249211550167,9.080966903496341,360.26267585748394,83,0.05997009497663845,63.64663420163373,False,False
6,17,1,fairly_active,44,3,75.44209777196276,4.461095914916284,231.25938621360314,41,0.059132712990043634,24.610936703677904,False,True
6,17,2,active,222,17,308.3757458612497,24.03539212311827,640.6059230682455,205,0.07794190187036543,148.44633371482465,False,False
6,30,0,inactive,104,9,209.4005472988517,18.282220275519304,633.4603630406166,95,0.08730741400320857,69.22073071562825,False,False
6,30,1,fairly_active,47,5,89.59573698622899,18.21049775265231,278.9966799686888,42,0.20325183279034015,28.77237136659267,False,False
6,30,2,active,218,33,384.8497292796203,55.268116181475925,1167.2564932614375,185,0.1436096012979647,126.88669112712668,False,False
6,35,0,inactive,61,3,140.20161294520048,10.325871490162402,457.2710051004093,58,0.07365016188649981,42.986526705579244,False,True
6,35,1,fairly_active,36,0,69.37679403553793,0.0,182.6942270796783,36,0.0,26.345329174250807,False,True
6,35,2,active,239,29,513.7377790334394,55.00291784776043,1637.4558725492054,210,0.10706418739778968,161.18083548433458,False,False
6,44,0,inactive,90,6,134.80903557249997,8.530441071285821,352.2538115880889,84,0.06327796230467186,51.591992688609636,False,False
6,44,1,fairly_active,43,0,59.8039359016157,0.0,155.2085115685917,43,0.0,23.043264271908072,False,True
6,44,2,active,257,18,409.56155902046464,24.135304590993897,1078.5589798338349,239,0.05892961402119266,155.52294660150716,False,False
6,68,0,inactive,87,2,196.28564027356714,4.097815774214645,664.6722751547031,85,0.020876798570203296,57.965487681334025,False,True
6,68,1,fairly_active,53,7,107.17279665546529,10.704264541294549,322.87853869573604,46,0.09987855944177867,35.57377455110923,False,False
6,68,2,active,233,28,513.748907228928,66.08682911308284,1812.3990164122717,205,0.12863643733967955,145.62904597101092,False,False
6,78,0,inactive,111,12,213.24547346495132,25.355002883061495,677.0484749719637,99,0.11890054438707137,67.16451426195782,False,False
6,78,1,fairly_active,45,4,76.56348663078931,6.6279227756439525,225.2439078611038,41,0.08656767171021955,26.024976838342834,False,True
6,78,2,active,230,26,420.5169365620006,51.26029688145552,1220.020862064907,204,0.12189829332569047,144.94382795733023,False,False
6,91,0,inactive,97,4,194.20471739380724,8.977155044202501,618.0752550058319,93,0.04622521617741487,61.02084164112454,False,True
6,91,1,fairly_active,41,3,70.00251185689625,1.952531285421516,216.33356690181148,38,0.02789230319924818,22.65183224431856,False,True
6,91,2,active,227,30,426.59460697791474,41.344857472018724,1209.9813548909979,197,0.09691837823481719,150.4014569869431,False,False
6,107,0,inactive,92,1,168.32785588317816,0.6667671315005614,515.1261267480893,91,0.003961121752559523,55.00452334867539,False,True
6,107,1,fairly_active,32,4,40.76057929115285,3.324134864171806,65.59763955961336,28,0.08155268943621993,25.327509271739892,False,True
6,107,2,active,252,18,397.10284968773374,25.005252248189333,954.4260106024723,234,0.0629692087776567,165.2204272289039,False,False
6,109,0,inactive,64,4,124.90787227772196,4.403880559156239,379.73996449990494,60,0.03525702967195364,41.085948321227086,False,True
6,109,1,fairly_active,24,0,31.49073556391845,0.0,51.402055377209756,24,0.0,19.29234967511271,True,True
6,109,2,active,273,23,448.1047423714239,35.51492641875771,1076.7884474721086,250,0.07925585931273227,186.47846808456902,False,False
6,112,0,inactive,59,2,70.491984581526,1.6492515757736572,128.33556692621988,57,0.02339629938870923,38.719740826787685,False,True
6,112,1,fairly_active,29,0,33.43347856619577,0.0,64.6000051094652,29,0.0,17.303365334757412,True,True
6,112,2,active,257,29,307.69298632396,37.32104595366383,620.2913668060417,228,0.12129313183099243,152.62984284377515,False,False
6,114,0,inactive,62,3,114.4309439465394,7.99205179722635,315.21601280405486,59,0.06984170121816113,41.54116669395165,False,True
6,114,1,fairly_active,42,1,66.09864479849196,0.6590372370941235,167.125722088698,41,0.009970510577081596,26.142180806126593,False,True
6,114,2,active,244,26,383.5843010636902,43.301932381969024,950.88387023708,218,0.11288765536517405,154.73699852100202,False,False
6,117,0,inactive,91,4,148.7733275774322,5.6832645195086595,388.58016244973743,87,0.03820082949042519,56.95994066944913,False,True
6,117,1,fairly_active,51,4,68.72773450919205,5.482446211990212,136.899257392512,47,0.07977050678510228,34.5034851228079,False,True
6,117,2,active,232,29,311.1822150491005,39.0870551638127,660.1570230113228,203,0.12560825546423107,146.6838457934632,False,False
6,122,0,inactive,78,3,138.13313507303576,5.506904733810657,369.6990010438907,75,0.03986664554380067,51.611616345266434,False,True
6,122,1,fairly_active,33,2,61.83824716486305,2.3995023144751872,161.07555498690004,31,0.03880288372466357,23.74021814007525,False,True
6,122,2,active,192,23,353.45044544121913,43.57040570772913,1053.3607880744173,169,0.12327161068743127,118.59869742347996,False,False
6,126,0,inactive,117,8,210.75539301770425,13.05076840421879,641.9854677431979,109,0.061923769623880874,69.18822608585069,False,False
6,126,1,fairly_active,41,2,66.66937574492819,2.9815376285803126,207.2009470713634,39,0.04472124712832833,21.451666727602145,False,True
6,126,2,active,200,26,356.67995047960943,42.682208569518075,1034.740100343915,174,0.1196652867987827,122.94931551589866,False,False
6,129,0,inactive,113,5,176.2813395828005,14.17233179036912,521.5887251516131,108,0.08039609764658205,59.57780371129353,False,False
6,129,1,fairly_active,44,4,65.88410391439766,2.9672466193451994,202.29176664039792,40,0.04503736778753952,21.45769558836955,False,True
6,129,2,active,257,17,328.1132508988833,28.86754251774493,702.973588036967,240,0.08798042273105643,153.1470132698245,False,False
6,135,0,inactive,73,3,100.57249674380795,3.6796222198360375,272.95304361964145,70,0.036586764164851904,37.057022582163306,False,True
6,135,1,fairly_active,38,3,58.00194856434731,6.328550003065038,151.6000736519479,35,0.10910926545931729,22.191453844441877,False,True
6,135,2,active,318,28,386.0573358526125,36.32161772350478,734.6970147720638,290,0.0940834802252573,202.85949659378412,False,False
6,136,0,inactive,81,4,81.69507908244817,4.799874637600174,123.2601194085555,77,0.05875353438064553,54.14635308088313,False,True
6,136,1,fairly_active,35,1,30.35782512696082,0.6196233582639649,43.914816531027775,34,0.020410663664890694,20.98602747862977,False,True
6,136,2,active,221,25,228.88315540501802,32.10787112581619,360.3086289056156,196,0.14028062077788123,145.39618156600065,False,False
6,139,0,inactive,73,4,76.70838401577407,3.7897007612591374,126.08686644810815,69,0.049403996836640894,46.667637511105355,False,True
6,139,1,fairly_active,39,3,41.32949674969982,3.8858591227017723,59.06330218775943,36,0.09402144783507424,28.920281093552685,False,True
6,139,2,active,261,36,269.55220809250494,45.90713056584285,477.62981901639995,225,0.17030886480472993,152.12281560890207,False,False
6,142,0,inactive,79,3,126.66194595789219,3.4454924025737466,305.6481807087096,76,0.027202269604472796,52.489265653865026,False,True
6,142,1,fairly_active,33,3,60.877916927235844,13.089414129783727,234.43906568359836,30,0.2150108740650376,15.808460755432506,False,True
6,142,2,active,278,30,519.1624851892117,50.96789864322963,1681.4071275998815,248,0.09817330815930218,160.30007343466994,False,False
6,147,0,inactive,65,2,121.9744501019126,5.126232816862087,365.53208559502156,63,0.0420271033202363,40.701670425034216,False,True
6,147,1,fairly_active,46,6,82.45794443519684,10.29574412701837,277.22552200423405,40,0.12486054797436441,24.52628658184712,False,False
6,147,2,active,250,21,435.97491421185083,33.14869485510848,1303.7419537467622,229,0.07603349131918338,145.79121679392586,False,False
6,160,0,inactive,72,2,88.19617855782359,1.7766855358187974,154.16143418262794,70,0.020144699746304298,50.45727521572349,False,True
6,160,1,fairly_active,38,1,53.49104828351849,0.5546989467115337,120.88159654251635,37,0.010369939728446975,23.670205625248634,False,True
6,160,2,active,252,28,295.77387213132135,33.64169016681843,528.7806400132287,224,0.11374125078864901,165.44135094160535,False,False
6,171,0,inactive,112,10,209.94117596792285,20.192096286455524,637.4218632039025,102,0.09617978080460356,69.14619643771971,False,False
6,171,1,fairly_active,42,6,69.61057233610094,9.795668110176958,185.25568542680537,36,0.1407209821933442,26.156453821084234,False,False
6,171,2,active,242,26,422.21264723205013,33.04327797929375,1245.7181469755471,216,0.07826217001295321,143.1010055649409,False,False
6,196,0,inactive,98,2,192.08785450043092,1.426582670934108,582.7676147625566,96,0.0074267197925879675,63.31467794690749,False,True
6,196,1,fairly_active,36,1,62.59448649567258,1.3572407485233853,147.58889643836605,35,0.021683071856771555,26.547185013292275,False,True
6,196,2,active,231,25,366.95305571795694,38.54872141873125,942.2399279035611,206,0.10505082548858811,142.9089779716149,False,False
6,201,0,inactive,56,5,77.42843042259031,10.32895407085621,225.09963361001385,51,0.13340001875903534,26.633370039564586,False,False
6,201,1,fairly_active,32,1,40.301175024025696,0.5262240148055367,87.38369034836371,31,0.013057287150854194,18.58681753817194,False,True
6,201,2,active,281,40,307.1904025364323,38.22623181086241,495.2403624762246,241,0.1244382360100877,190.54574416887442,False,False
6,241,0,inactive,77,6,153.24505009479472,11.877052641208676,474.7286971461343,71,0.07750366249260082,49.46835006969701,False,False
6,241,1,fairly_active,27,2,43.092738067947536,2.129136507759173,107.81857276532786,25,0.04940824378348863,17.2232299738798,True,True
6,241,2,active,280,17,495.7791428743523,36.330331909825276,1422.3186240802029,263,0.07327926644754526,172.8142726586186,False,False
6,255,0,inactive,90,7,121.72540850883371,14.625727428510363,286.54395724523823,83,0.12015344707139727,51.70960581088532,False,False
6,255,1,fairly_active,38,3,33.124981561875074,1.445886649775188,45.407002926056236,35,0.04364943259136239,24.165092007094618,False,True
6,255,2,active,251,29,273.9097236613997,34.65948271057351,459.61598692767035,222,0.12653615303346694,163.23743918870963,False,False
6,272,0,inactive,103,4,202.09737435547848,5.863880024581362,694.1058930284552,99,0.02901512225620067,58.84310900052252,False,True
6,272,1,fairly_active,54,2,86.91397112870789,4.21701302319047,313.9690979222263,52,0.04851939185871097,24.059814890550435,False,True
6,272,2,active,255,16,388.96150136698765,25.1645972836066,957.2541396513365,239,0.06469688438358748,158.046900273282,False,False
6,279,0,inactive,90,2,164.56715013465077,2.363780148667921,486.5481615992476,88,0.014363620848594924,55.66221196771771,False,True
6,279,1,fairly_active,48,0,81.85958455967783,0.0,259.76913271052973,48,0.0,25.79595009754375,False,True
6,279,2,active,255,26,331.2838175513974,23.03886160506927,721.2771189814742,229,0.06954418050164758,152.15922546719028,False,False
6,280,0,inactive,61,4,137.9867598120489,10.53444741916056,496.3416208072982,57,0.07634390019382643,38.3613726619561,False,True
6,280,1,fairly_active,27,3,44.00567872702201,2.546475493191186,115.60791793187234,24,0.057866974600882685,16.75058071166938,True,True
6,280,2,active,318,29,554.4685138923487,60.8506993379719,1497.9364467878302,289,0.10974599605449589,205.23923665603638,False,False
6,293,0,inactive,68,5,130.93528779651803,16.94407209527983,376.06478914211453,63,0.12940798756720207,45.58802122758236,False,False
6,293,1,fairly_active,43,0,78.08069104181605,0.0,239.52638241292732,43,0.0,25.452704842581458,False,True
6,293,2,active,221,16,377.2913273396139,44.7437966573347,1049.7799964833548,205,0.11859216847849553,135.5986455853036,False,False
7,8,0,inactive,124,8,137.6067701731478,6.481132387958198,243.17844985941508,116,0.04709893546518911,77.86719262513792,False,False
7,8,1,fairly_active,37,2,34.755978641473455,1.1171276744144527,53.81741425515629,35,0.03214202902868089,22.445858242080472,False,True
7,8,2,active,200,38,248.93353206933685,47.95215638110036,482.9091116842474,162,0.19263036193831845,128.32208357466982,False,False
7,9,0,inactive,81,3,187.01293858709278,8.750881513118202,670.1453225569679,78,0.04679292020772604,52.18844036027225,False,True
7,9,1,fairly_active,42,2,113.99495838280107,12.777942867440187,493.2274556241328,40,0.11209217537964426,26.34656767079763,False,True
7,9,2,active,256,34,554.2733329686549,87.56729627200805,2021.9729052458626,222,0.1579857645378731,151.94018022849073,False,False
7,17,0,inactive,87,13,142.2086732948034,22.291464905355426,320.522902363202,74,0.1567517957160353,63.09473242368183,False,False
7,17,1,fairly_active,40,1,54.29863510431561,2.02540315068687,116.39675086505989,39,0.037301179795694216,25.33010373811604,False,True
7,17,2,active,219,27,326.588291045258,53.20554268204304,787.7641274379924,192,0.16291319726055306,135.3957461794396,False,False
7,30,0,inactive,113,11,208.18315688817898,17.01566183526037,583.2346177227637,102,0.08173409458095575,74.31010693629575,False,False
7,30,1,fairly_active,50,8,84.4296499525625,12.78572047719856,204.30520322594296,42,0.15143637909647054,34.89076968455333,False,False
7,30,2,active,244,28,403.47966431462766,49.55804679928828,1165.4014149844982,216,0.12282662840882018,139.69078587193073,False,False
7,35,0,inactive,57,3,115.73064351935882,3.834294107427317,407.20602047730335,54,0.03313119145307385,32.8914141144223,False,True
7,35,1,fairly_active,31,2,56.704848615226545,3.1502649283141864,151.32143956868038,29,0.05555547726950934,21.249069964182873,False,True
7,35,2,active,281,41,560.6052350159109,98.80599613493686,1677.4780653666874,240,0.17624879320317546,187.35161789346273,False,False
7,44,0,inactive,53,3,111.51040116456805,9.671914302266385,364.69251336133146,50,0.08673553499276258,34.09603738029831,False,True
7,44,1,fairly_active,28,1,56.70040614739796,1.6128569857960695,176.27790854901852,27,0.02844524572898646,18.237884053326457,True,True
7,44,2,active,276,27,449.20232893447775,50.9388456969621,1206.7980315023467,249,0.1133984452346689,167.2050559023193,False,False
7,68,0,inactive,84,3,196.21753261165733,6.551943690669336,676.3828375015005,81,0.03339122454279645,56.92237882088692,False,True
7,68,1,fairly_active,53,1,123.85302631997199,6.180695212349205,454.98190329995555,52,0.04990346538954562,33.714686270725736,False,True
7,68,2,active,244,26,508.347426438645,53.13281355914216,1649.742526953882,218,0.10452066991147642,156.64087076905278,False,False
7,78,0,inactive,80,5,168.1471150282323,6.597641857885284,550.9354987291313,75,0.039237318206604525,51.31898808034204,False,False
7,78,1,fairly_active,42,4,80.15489088840357,5.796366422364337,294.33929831562034,38,0.07231456943075856,21.827892402062314,False,True
7,78,2,active,240,29,487.6395633593367,67.74271703566657,1538.9351428585994,211,0.13891964911335064,154.5174563442492,False,False
7,91,0,inactive,100,7,192.943334211084,9.32422002986321,541.5989721591577,93,0.048326209702908525,68.73559982597281,False,False
7,91,1,fairly_active,34,4,66.80761066009659,5.168510608585527,182.15547624014727,30,0.07736409905275386,24.50245764901876,False,True
7,91,2,active,232,32,442.7245760397614,60.44438491694996,1314.0382375234997,200,0.1365281897328451,149.1623642543212,False,False
7,107,0,inactive,85,4,155.63398434059698,2.973563074473651,482.54614174387154,81,0.019106129596773422,50.19610558731985,False,True
7,107,1,fairly_active,41,4,66.15708094119262,4.733534645725493,190.31008530416952,37,0.07154993204632407,22.998042125114956,False,True
7,107,2,active,251,35,382.7841754997579,62.08702572032461,1001.2774070714473,216,0.16219851732184232,146.33679335838056,False,False
7,109,0,inactive,71,1,108.6966526163962,1.41323441927645,264.04508561045947,70,0.01300163698935539,44.746003367924416,False,True
7,109,1,fairly_active,36,3,55.313470085702534,4.945668939670509,139.0079544631889,33,0.08941165564206519,22.010107153487574,False,True
7,109,2,active,293,31,431.81777088015355,53.920099787036825,1013.3303378962889,262,0.12486771833668184,184.01362346953542,False,False
7,112,0,inactive,79,5,82.73862019253549,3.7781516279656073,145.51486320515224,74,0.04566370117333023,47.04453634893193,False,False
7,112,1,fairly_active,25,2,25.182280050856615,2.0265157269162777,47.70240927572876,23,0.0804738777753106,13.293819708230723,True,True
7,112,2,active,280,38,299.9862544668136,40.900675589282976,561.2254061322047,242,0.1363418322682104,160.34867966727256,False,False
7,114,0,inactive,64,5,101.06357799518513,12.090319748544339,266.73082640334286,59,0.11963083029892674,38.29271230069139,False,False
7,114,1,fairly_active,40,6,70.34377624895473,17.02207522956804,190.4140205794142,34,0.2419840977732693,25.986777874370276,False,False
7,114,2,active,252,23,404.94554217112363,41.024037979775684,985.4050828798876,229,0.10130754313240364,166.4096268359244,False,False
7,117,0,inactive,112,7,142.02687562082446,6.006618822223035,290.2694246138293,105,0.04229212813396794,69.492794239177,False,False
7,117,1,fairly_active,44,4,51.5075936049409,4.533482456687054,97.3926652759101,40,0.08801580775561949,27.240574959683038,False,True
7,117,2,active,245,37,352.0764116213181,66.91661921048052,830.2873193663469,208,0.19006277331198734,149.2950653693532,False,False
7,122,0,inactive,89,2,170.7081920233696,2.7652288047899005,538.947400324261,87,0.016198571210989957,54.07074383577061,False,True
7,122,1,fairly_active,44,7,67.04829781077882,9.673817635755032,151.34407164735683,37,0.14428133079613917,29.703669198207407,False,False
7,122,2,active,225,34,325.14178908602577,38.16327407064357,724.5973105259225,191,0.117374251331767,145.89784073767913,False,False
7,126,0,inactive,111,10,202.0469982963342,12.641589381970153,598.8650567487412,101,0.06256756838044801,68.1672591521507,False,False
7,126,1,fairly_active,35,3,53.73748402782312,8.041975728202651,110.94528084894431,32,0.14965300057663358,26.028301226910845,False,True
7,126,2,active,226,31,390.54908962650666,42.06279877565804,1000.5843443607932,195,0.10770169459589293,152.43951423758634,False,False
7,129,0,inactive,116,5,174.55645688529424,5.1414989703079055,428.74105424570496,111,0.02945464786608566,71.06843708716946,False,False
7,129,1,fairly_active,30,2,35.62169623569117,2.4183683604614834,53.667619601414245,28,0.06789032011446998,23.643777237222874,False,True
7,129,2,active,231,32,361.2372112060339,42.98317599781119,1011.0391869973363,199,0.11898878261823216,129.06752224655023,False,False
7,135,0,inactive,71,6,100.78706313278151,10.192579790549964,223.34764815572458,65,0.10112984220129313,45.480810650169936,False,False
7,135,1,fairly_active,47,2,75.42794554794754,2.131728404445036,170.78246471643803,45,0.028261785323185726,33.31357805984709,False,True
7,135,2,active,274,26,397.917970985042,45.569368310428786,1023.2967382749936,248,0.11451950309663639,154.73391608749748,False,False
7,136,0,inactive,82,7,89.09030364786415,5.95066024135492,158.26405101599647,75,0.06679357907315407,50.15088488583171,False,False
7,136,1,fairly_active,47,4,46.703576261186434,3.7129343815025275,74.2114488399931,43,0.07950000147179748,29.392015244000724,False,True
7,136,2,active,249,31,216.18878529106289,31.800595948322194,322.39245451096775,218,0.14709641809360224,144.9711065866006,False,False
7,139,0,inactive,57,5,60.26383243475323,3.7200130149309563,95.39312517916444,52,0.06172878266510116,38.07118692152095,False,False
7,139,1,fairly_active,46,4,44.530198425564556,4.341884640885901,62.0120747627958,42,0.09750427337851807,31.97665260201579,False,True
7,139,2,active,257,36,283.714800941342,48.660165644725105,498.36841104292984,221,0.1715108463967151,161.51522947599398,False,False
7,142,0,inactive,62,5,150.4530616620887,16.198699601065936,618.0346059368028,57,0.10766613468755817,36.62598104710486,False,False
7,142,1,fairly_active,40,5,74.06018349809409,12.45997455803066,176.11212300787273,35,0.16824120559127853,31.14442484760789,False,False
7,142,2,active,282,28,503.2433562009594,67.57919844136818,1425.525502255459,254,0.1342873136995412,177.65650292450658,False,False
7,147,0,inactive,71,4,119.79634237910264,6.249260440067904,327.48580670202057,67,0.052165703192270665,43.82224619728119,False,True
7,147,1,fairly_active,43,5,76.58319347769786,5.594914340589506,269.59677977843467,38,0.07305668628481557,21.75465718864514,False,False
7,147,2,active,275,32,460.5869776919649,54.84764574629508,1230.3609015902766,243,0.11908205920441055,172.4212495254206,False,False
7,160,0,inactive,83,6,111.30277677580285,10.68327975314783,249.96105561958854,77,0.09598394633646164,49.56095295443845,False,False
7,160,1,fairly_active,30,1,30.15071441603912,1.050359406901917,43.97712132731292,29,0.03483696579816904,20.671329826969707,False,True
7,160,2,active,265,34,304.47686230857283,47.48815266958242,576.1803221937807,231,0.15596637560411875,160.89782332082962,False,False
7,171,0,inactive,107,10,188.6066862234864,21.604864157059925,548.7041458774111,97,0.11454983166110874,64.8299859869331,False,False
7,171,1,fairly_active,46,0,83.54976823874141,0.0,247.56090552570853,46,0.0,28.197359182879904,False,True
7,171,2,active,243,35,471.5271846714956,71.11067290981866,1566.8229772892555,208,0.15080927509908082,141.90364138576217,False,False
7,196,0,inactive,99,2,168.1545079493545,3.3643524708828503,422.6652527515746,97,0.020007506857301384,66.89913201904243,False,True
7,196,1,fairly_active,42,2,74.5599096283582,1.5163521259436399,205.09750143397724,40,0.020337365395181606,27.105060202688485,False,True
7,196,2,active,232,37,411.134787253493,61.47678146918555,1175.1764627723703,195,0.14952950559078054,143.83526103918925,False,False
7,201,0,inactive,53,4,71.34257633028076,2.9904504605603353,134.33992942586082,49,0.04191677136407342,37.88719570714724,False,True
7,201,1,fairly_active,28,2,31.137420965833023,1.364330860284511,73.10754456194051,26,0.043816437520036944,13.26181846501566,True,True
7,201,2,active,271,45,317.24075611689307,47.69789270003038,569.5858298022572,226,0.15035234843046216,176.6927688080965,False,False
7,241,0,inactive,72,6,155.58327891544886,14.55071718903319,528.4141280216188,66,0.09352365685094426,45.809064130647194,False,False
7,241,1,fairly_active,28,1,58.88098281557276,1.8791498738274817,184.37834757960468,27,0.031914376832216984,18.803564425214965,True,True
7,241,2,active,289,36,496.24286700914814,69.57977338952196,1417.281442321427,253,0.14021314564958628,173.7530568763421,False,False
7,255,0,inactive,90,8,112.46514244729156,9.857123871082896,216.10559489977578,82,0.08764603553232134,58.52883296036638,False,False
7,255,1,fairly_active,41,4,44.35205361747181,3.1132018512490767,80.26670027513924,37,0.07019295832612085,24.507107596851835,False,True
7,255,2,active,234,35,281.5457347917008,49.56832953835631,491.6799331882133,199,0.1760578244065001,161.21870230781863,False,False
7,272,0,inactive,81,10,159.52138838850922,12.57089351147086,512.1307089818938,71,0.07880381206847857,49.68863008427264,False,False
7,272,1,fairly_active,52,4,87.25937717983633,8.162367149080767,188.7974200001979,48,0.09354143259879816,40.329994476645716,False,True
7,272,2,active,325,36,469.068705127214,61.674247125730616,1114.767146722197,289,0.13148233180255378,197.3734611543519,False,False
7,279,0,inactive,78,1,139.45980835433286,2.4330155240811995,409.6749415414104,77,0.017445997902847458,47.47431725516294,False,True
7,279,1,fairly_active,37,3,59.24181569980218,6.315387316794772,136.76809261832702,34,0.10660354079619913,25.660902775060272,False,True
7,279,2,active,241,26,383.98579811986707,61.82867419719791,1036.6826784544498,215,0.1610181274930828,142.22779662680531,False,False
7,280,0,inactive,52,2,120.78081778588218,1.7016798673164566,483.39044103500305,50,0.014088991103977792,30.178515557303154,False,True
7,280,1,fairly_active,34,4,84.8675658002908,14.027903942965413,336.4378735688982,30,0.1652916966650803,21.408124027367293,False,True
7,280,2,active,291,41,540.6109684073416,88.54511205677406,1605.3539124102333,250,0.1637871172270718,182.05345058369863,False,False
7,293,0,inactive,82,6,147.78909088796033,8.159751161948808,424.7392252099103,76,0.05521213448788827,51.42358908503319,False,False
7,293,1,fairly_active,29,2,46.00145642308744,1.7445783780262596,116.38605828492675,27,0.0379244161745862,18.182023038057256,True,True
7,293,2,active,270,30,430.69786932184644,57.63409660694241,1112.0789313173752,240,0.1338156065124955,166.80529539268687,False,False
8,8,0,inactive,133,5,170.93384481698723,3.0200130237621985,337.065099486657,128,0.017667730033192774,86.68467707993752,False,False
8,8,1,fairly_active,44,2,37.84758007413427,0.6369822322168488,45.060251215449085,42,0.01683019709500989,31.789421470799258,False,True
8,8,2,active,204,21,218.58985320203104,25.924432415060583,371.3575146989382,183,0.11859851697278923,128.66717928576793,False,False
8,9,0,inactive,52,4,119.69209113141179,6.2518627194014345,489.02437248358115,48,0.05223288072172971,29.295465595410956,False,True
8,9,1,fairly_active,30,4,63.80933895223811,7.700861220125949,195.3313958221637,26,0.1206854881522925,20.844737838399325,False,True
8,9,2,active,278,40,657.3660973927801,86.3692096990217,2510.832180296446,238,0.13138677221349854,172.10635955382486,False,False
8,17,0,inactive,88,11,134.3773063493177,14.339816430722925,330.8332385724776,77,0.10671308139966845,54.581155568328626,False,False
8,17,1,fairly_active,41,2,55.462475773517355,5.963777848305956,108.44506967036952,39,0.10752815782438593,28.36538561207158,False,True
8,17,2,active,247,35,327.29471800831226,43.62463702620139,728.5750984303008,212,0.13328854584537922,147.0292254936139,False,False
8,30,0,inactive,105,4,188.8042982974323,11.717513541277576,487.58519341203146,101,0.06206168846229563,73.1094043404686,False,True
8,30,1,fairly_active,51,5,102.84333198101307,8.593394071878214,320.1875532326149,46,0.08355810635797686,33.03298590521069,False,False
8,30,2,active,233,26,449.6245151091268,53.51909477443249,1444.0346900613374,207,0.11903064218249546,139.99816346415489,False,False
8,35,0,inactive,76,8,162.37431162917315,12.917975868574338,606.8057897171536,68,0.0795567706428596,43.44951469454069,False,False
8,35,1,fairly_active,41,7,77.67253301628627,14.386698744103013,202.4223300586749,34,0.18522247421860738,29.804134669417774,False,False
8,35,2,active,237,42,490.9260769375893,71.51366056944613,1684.0443787913143,195,0.14567093484939803,143.11286332626835,False,False
8,44,0,inactive,63,6,85.37555184302327,9.5711162649365,180.64559454038698,57,0.11210605446550484,40.34964080384011,False,False
8,44,1,fairly_active,32,2,42.18387157028208,3.1279809264370133,92.55217898120901,30,0.07415111060220063,19.226765271721398,False,True
8,44,2,active,303,42,363.7789046584244,53.70080183686125,694.4929533313674,261,0.14761934006944252,190.54922132714748,False,False
8,68,0,inactive,93,10,198.45832735608613,16.02847979147591,599.6168357103757,83,0.08076496464024221,65.68479294000237,False,False
8,68,1,fairly_active,44,3,91.64829256387713,7.02816751490102,326.80082360357244,41,0.07668628970913473,25.701922771354358,False,True
8,68,2,active,271,40,549.3297001012844,107.82694801135692,1809.8294559008073,231,0.19628821815291614,166.73566585486387,False,False
8,78,0,inactive,97,8,194.71623576230968,13.597232406526691,623.1955752309605,89,0.06983101513489018,60.83870614035094,False,False
8,78,1,fairly_active,29,2,47.22663522932451,1.9543278466881318,106.84716871059132,27,0.041381898947453026,20.874255275072993,True,True
8,78,2,active,289,54,537.7025805965137,105.24261216969994,1617.6106467162115,235,0.19572644054069152,178.7352634993341,False,False
8,91,0,inactive,107,10,220.04933690755993,21.485308854076703,614.687299052992,97,0.09763859848894896,78.7745423535787,False,False
8,91,1,fairly_active,31,3,62.76446694196698,4.716047441207361,187.66804278698177,28,0.07513881135273391,20.99120474646168,False,True
8,91,2,active,210,42,414.96187211634697,83.84649214613952,1260.5334093053018,168,0.20205830410036,136.60356325279926,False,False
8,107,0,inactive,187,16,170.11522326707438,12.455848115332278,244.21213370547136,171,0.07322006741146896,118.50021023979205,False,False
8,107,1,fairly_active,82,9,67.97834077788687,6.589379573217108,93.60890883135255,73,0.09693351584951616,49.36554514527982,False,False
8,107,2,active,495,66,392.8706646255313,53.16395971687603,503.6099225725276,429,0.13532178526882327,306.4819659129696,False,False
8,109,0,inactive,88,7,142.4622667703087,11.205523136306772,350.000818811292,81,0.07865607778355364,57.98699992264079,False,False
8,109,1,fairly_active,28,0,40.69771607646868,0.0,108.80346435879919,28,0.0,15.22289849502304,True,True
8,109,2,active,255,29,390.3682477098565,46.99513702943308,957.0796699972398,226,0.12038667925769027,159.22119505526993,False,False
8,112,0,inactive,69,3,75.98334740185767,4.609144373990108,109.25907893944797,66,0.06065992788674406,52.84200762474926,False,True
8,112,1,fairly_active,30,0,39.57381944559967,0.0,93.59367651098687,30,0.0,16.732831147295308,False,True
8,112,2,active,269,34,304.4656065783305,37.01243712650901,527.9493953024247,235,0.12156524851021801,175.58369497896646,False,False
8,114,0,inactive,81,5,118.21106084398684,11.350562199732284,262.3444038066645,76,0.09601945975861416,53.265305846427864,False,False
8,114,1,fairly_active,45,7,59.75197788938288,7.4857490957509425,116.3898531258322,38,0.12528035657010542,30.675344678314474,False,False
8,114,2,active,285,43,409.1217369179296,70.417181913985,936.8077191661044,242,0.17211791884846928,178.6712387123974,False,False
8,117,0,inactive,89,7,151.6462472479841,14.02580823465259,411.5076535327276,82,0.09249030878895714,55.88373413465026,False,False
8,117,1,fairly_active,48,9,66.77936970345263,12.307126728507852,139.25096319030564,39,0.18429534125823813,32.02479979902119,False,False
8,117,2,active,233,48,347.9675324733044,73.73374041779479,845.7982953331341,185,0.211898334001755,143.15635811002656,False,False
8,122,0,inactive,79,7,136.37193692909545,12.087612170633617,333.8397616528927,72,0.08863709383931674,55.7072803123122,False,False
8,122,1,fairly_active,40,1,65.27523129231513,0.4617796336772546,148.25232390047265,39,0.007074346954196393,28.740566813142898,False,True
8,122,2,active,230,32,378.58178120472934,46.44200249518064,954.2615400388888,198,0.12267363301897971,150.19379808003652,False,False
8,126,0,inactive,103,6,189.77049357988233,8.617300802285104,522.5019196706189,97,0.0454090656546547,68.92384291382962,False,False
8,126,1,fairly_active,41,4,79.61110219903921,7.857133805455501,238.75217296543633,37,0.09869394579931245,26.546051977769412,False,True
8,126,2,active,232,39,377.8233196345365,59.65982250864631,956.1555067365829,193,0.15790402393995814,149.29628062999623,False,False
8,129,0,inactive,97,14,186.6178412507489,35.18385891436171,742.0044442176146,83,0.18853427238549472,46.93532356104853,False,False
8,129,1,fairly_active,49,8,71.05825972210546,12.633808533400183,164.8313520846428,41,0.1777950738282708,30.6329846286848,False,False
8,129,2,active,232,45,353.1208939408478,76.20371899893468,813.6661828175469,187,0.21580065157996503,153.25002853847795,False,False
8,135,0,inactive,76,1,91.2455548292329,1.7199289831015332,148.15780245449318,75,0.0188494550372388,56.19515906799314,False,True
8,135,1,fairly_active,32,1,39.93212378573633,0.9226494861566475,85.92235927640928,31,0.02310544490714556,18.55831850368165,False,True
8,135,2,active,294,32,370.86977594895217,50.531076388631526,758.9984391643237,262,0.13625018716970563,181.21827874094947,False,False
8,136,0,inactive,69,9,65.60874563096665,10.975949090147905,97.35416968159512,60,0.16729399388131833,44.21492697587719,False,False
8,136,1,fairly_active,44,3,38.25392298182235,1.829738594412514,45.978451434385676,41,0.04783139745646418,31.827140276516545,False,True
8,136,2,active,244,35,225.3661787643404,29.500275482459788,321.7877764345168,209,0.13089930194586769,157.83668072667228,False,False
8,139,0,inactive,72,2,77.79810573858491,2.7298490480130733,133.61841100354837,70,0.035088888374555524,45.29724018609461,False,True
8,139,1,fairly_active,34,4,33.380889809131084,4.072917502975521,53.18582424892113,30,0.12201344919994932,20.950766866642187,False,True
8,139,2,active,276,45,261.6013284250127,42.70498386101408,405.9146305421558,231,0.1632445221823686,168.59519190605792,False,False
8,142,0,inactive,76,9,134.87154620127595,13.98807558923335,380.85724212604157,67,0.10371405966057663,47.76155462655734,False,False
8,142,1,fairly_active,39,4,67.74503552024221,6.863000277009015,161.62573369924198,35,0.10130632044555282,28.395167852286153,False,True
8,142,2,active,274,33,518.4659247410873,49.29566220090578,1475.608543169625,241,0.09507984970376436,182.16681948738946,False,False
8,147,0,inactive,82,7,141.4565882463425,15.796768688092495,383.01572065193,75,0.11167220193790398,52.24319859309267,False,False
8,147,1,fairly_active,40,6,53.46722400720421,6.074314504588694,104.36656392687765,34,0.11360818926694673,27.391378382826478,False,False
8,147,2,active,278,30,459.4100402558999,57.74839824245619,1129.3810821227319,248,0.1257012106446112,186.87898038032796,False,False
8,160,0,inactive,83,7,109.12827774727923,14.080521951423538,241.23846788140096,76,0.12902725344966412,49.36601160119322,False,False
8,160,1,fairly_active,39,6,41.54566608266629,4.933120887406181,64.16358890824345,33,0.11873972311793989,26.90065190587638,False,False
8,160,2,active,282,44,306.8143259892329,44.97370115279672,502.2503073851255,238,0.14658279403281513,187.42652667018586,False,False
8,171,0,inactive,117,14,226.93124402467902,27.596980279638863,709.1148333361382,103,0.12160943460318607,72.62263753856236,False,False
8,171,1,fairly_active,43,3,81.3061176309912,9.5238886194681,228.75191298029915,40,0.11713618725090753,28.898926693539437,False,True
8,171,2,active,233,37,409.85187864332454,57.234947367074284,1167.353270648464,196,0.139647883417129,143.8969390424121,False,False
8,196,0,inactive,106,8,193.62720934842687,10.979086921613574,586.2209353628559,98,0.05670219055761428,63.954550133650955,False,False
8,196,1,fairly_active,53,7,84.1855997062022,11.911750741487225,184.22999235726795,46,0.1414939227499457,38.46938876352463,False,False
8,196,2,active,225,33,370.9019618250681,61.33302574512534,962.6931448468172,192,0.16536182619075063,142.8993922124313,False,False
8,201,0,inactive,53,5,66.1829215370413,5.880273217208586,123.28031075609283,48,0.08884880087859995,35.530240606257436,False,False
8,201,1,fairly_active,41,5,40.0304442907214,5.0840220947265635,54.78364198407818,36,0.12700388878534086,29.250272747077805,False,False
8,201,2,active,290,53,331.76856508147495,64.99995889130804,557.7875758018539,237,0.19591958290365907,197.33386965098308,False,False
8,241,0,inactive,69,9,133.1994779268921,16.282243063943866,455.0971328845941,60,0.12223954115556326,38.98530585666368,False,False
8,241,1,fairly_active,35,1,57.56327699694504,2.0515659494356835,147.31036814488508,34,0.03564018687720928,22.493534571633443,False,True
8,241,2,active,304,37,496.09333763115245,61.700003157693764,1179.834773495881,267,0.1243717632901734,208.59581796592624,False,False
8,255,0,inactive,52,3,76.9104022027986,4.168182604242576,158.65386203887107,49,0.05419530368924407,37.28374393777435,False,True
8,255,1,fairly_active,38,3,49.60759904363734,2.175697828642292,106.83174481692217,35,0.04385815622176027,23.035417862841825,False,True
8,255,2,active,243,31,330.8709975932917,46.33345375884719,651.7506563482203,212,0.14003479935041183,167.971625317227,False,False
8,272,0,inactive,93,4,178.49549526808192,7.9012390816292415,552.7441130539186,89,0.04426576183204171,57.640852391837136,False,True
8,272,1,fairly_active,33,0,51.57143326835163,0.0,132.6150634527317,33,0.0,20.055132954786977,False,True
8,272,2,active,290,46,456.58003262429935,70.95083059485948,1072.411106398522,244,0.1553962624844831,194.38937637572155,False,False
8,279,0,inactive,104,13,210.16120267102707,29.945575346190793,712.7966299465647,91,0.14248859906395608,61.96400102430841,False,False
8,279,1,fairly_active,31,3,42.70121259382217,3.4003304241286285,96.80840778043256,28,0.07963076965689199,18.835074336914683,False,True
8,279,2,active,277,38,344.8668402495584,39.95130105949166,655.3591236900179,239,0.11584558559060484,181.47780843281475,False,False
8,280,0,inactive,36,3,73.75252691813338,5.227188141256573,236.3255491573373,33,0.07087469893823224,23.016704060163224,False,True
8,280,1,fairly_active,32,5,63.033224048649174,17.219841922460898,210.01306447482963,27,0.27318675480046184,18.918762715561424,False,False
8,280,2,active,318,43,591.9340036442618,94.1520898590149,1619.7385775845553,275,0.15905842421513944,216.32247914527042,False,False
8,293,0,inactive,74,1,116.6879172455802,1.028735007500653,280.821234406498,73,0.008816122798177877,48.486611277413814,False,True
8,293,1,fairly_active,22,1,31.44403160106835,0.5611651100349293,88.32279522328986,21,0.017846474560083543,11.194472738655664,True,True
8,293,2,active,263,21,343.81503529968074,29.4749366120636,705.2605285467088,242,0.08572905075652743,167.61008693015472,False,False
