frequency,split,fold,train_start_wave,train_end_wave,validation_wave,model,params,alr_epsilon,weighted_tv,unweighted_tv,weighted_mae,unweighted_mae,weighted_component_mae,neither_recorded_weighted_mae,neither_recorded_weighted_rmse,neither_recorded_weighted_r2,indoor_only_weighted_mae,indoor_only_weighted_rmse,indoor_only_weighted_r2,outdoor_only_weighted_mae,outdoor_only_weighted_rmse,outdoor_only_weighted_r2,both_weighted_mae,both_weighted_rmse,both_weighted_r2,indoor_weighted_mae,outdoor_weighted_mae,indoor_weighted_rmse,outdoor_weighted_rmse,tv_rank,mae_rank,selection_mean_rank,skill_vs_naive,is_selected_model
annual,rolling_validation_fold,train_2017_18_to_2018_19__validate_2019_20,2017/18,2018/19,2019/20,Naive,{},1e-06,0.04690424152132444,0.0441371250742704,0.024707590073510526,0.0249029700486863,0.02345212076066222,0.033066991579778,0.04710288324706309,0.7867535917010846,0.02710153860883089,0.03604188564450821,0.49346030456465995,0.016398125700604213,0.02374365446875848,0.2363121641134529,0.017241827153435786,0.02459418957485442,0.5080378457083179,0.0276168570704111,0.02179832307660995,0.03811429677189042,0.03234465943814262,,,,,
annual,rolling_validation_fold,train_2017_18_to_2019_20__validate_2020_21,2017/18,2019/20,2020/21,Naive,{},1e-06,0.042148651939204515,0.04073952837787318,0.023296380416433397,0.023057508737106856,0.021074325969602258,0.028313498633568735,0.04086446325451473,0.8146307763304986,0.02499897534987892,0.03425434983626477,0.33425345100913184,0.015338035817590573,0.022822378372382806,0.37451849346501553,0.015646794077370817,0.02330440972831332,0.5792075072501804,0.027027830469664654,0.01956493036320214,0.03797088271180381,0.026362912989535792,,,,,
annual,rolling_validation_fold,train_2017_18_to_2020_21__validate_2021_22,2017/18,2020/21,2021/22,Naive,{},1e-06,0.046231500944276985,0.0423118856115596,0.028595902648026368,0.024445834517965667,0.023115750472138492,0.03534127275497646,0.04748225466444735,0.799240997208492,0.02152067530397486,0.029130800702293035,0.5488819285025579,0.017218861116384654,0.02464787992789829,0.3442841456820108,0.018382192713217987,0.02588161830408555,0.6566386710300163,0.030516071190174972,0.026675734105877764,0.040390804148074895,0.03698113610745631,,,,,
annual,rolling_validation_fold,train_2017_18_to_2018_19__validate_2019_20,2017/18,2018/19,2019/20,Ridge,"{""alpha"": 0.1}",1e-06,0.06858138094064388,0.05301296126711189,0.04173736546634961,0.03119582590245655,0.03429069047032194,0.050567795509132665,0.07719067880861225,0.42731413817279984,0.04508507112548359,0.06865527863186313,-0.8380035429967365,0.017642820354266505,0.024470345308159544,0.18885043096834753,0.02386707489240499,0.050620043223951,-1.0840670406758082,0.053935570755178304,0.029539160177520916,0.08459322658719386,0.05092078126079005,,,,,
annual,rolling_validation_fold,train_2017_18_to_2019_20__validate_2020_21,2017/18,2019/20,2020/21,Ridge,"{""alpha"": 0.1}",1e-06,0.05414187872396949,0.04256682300834691,0.0323854293820365,0.02483853639003338,0.027070939361984746,0.046709451894427184,0.06176671559706131,0.5764984048069969,0.019002895451777906,0.02530889455201763,0.6365674519687585,0.02889478704540737,0.03769297232058816,-0.7061351959240003,0.013676623056326529,0.023095604896606774,0.586714230930173,0.025168045020596042,0.03960281374347696,0.03411700490547505,0.050981162586176895,,,,,
annual,rolling_validation_fold,train_2017_18_to_2020_21__validate_2021_22,2017/18,2020/21,2021/22,Ridge,"{""alpha"": 0.1}",1e-06,0.08323359585740896,0.06110579758332011,0.05423587791154778,0.03759370342277246,0.04161679792870448,0.07848097840662792,0.09873908226100957,0.13185846187393235,0.024750755734377558,0.03322810744726883,0.41305610022077066,0.03526891083548065,0.04317543286780389,-1.0120091246657061,0.027966546738331797,0.04015311989866742,0.1735680164568133,0.047310615471621444,0.0611611403514741,0.06314781348117635,0.07675038870426548,,,,,
annual,rolling_validation_fold,train_2017_18_to_2018_19__validate_2019_20,2017/18,2018/19,2019/20,Ridge,"{""alpha"": 1.0}",1e-06,0.06838184969448641,0.05285212157397482,0.04169914471867042,0.031135554246529012,0.034190924847243204,0.05040088254127156,0.0768798696750172,0.43191670542160754,0.044754672386318556,0.06810437388896044,-0.8086248158221985,0.01765508107081222,0.024472952881494484,0.1886775486771476,0.023953063390570475,0.050591340347376335,-1.0817042706799316,0.0536970274521398,0.029701261985201066,0.08415756867462958,0.05098384276690319,,,,,
annual,rolling_validation_fold,train_2017_18_to_2019_20__validate_2020_21,2017/18,2019/20,2020/21,Ridge,"{""alpha"": 1.0}",1e-06,0.054201713751801585,0.042598856676613166,0.032437936868077534,0.024861209086216873,0.027100856875900792,0.04682625673654178,0.06187773071121813,0.5749746932654498,0.018988500871870335,0.025294161067841173,0.6369904707691856,0.028904914621125422,0.03770348399704264,-0.7070869299366911,0.013683755274065634,0.02311304768392683,0.5860897330638064,0.025218520508240767,0.03965735322791429,0.03416637936179433,0.05104171315932507,,,,,
annual,rolling_validation_fold,train_2017_18_to_2020_21__validate_2021_22,2017/18,2020/21,2021/22,Ridge,"{""alpha"": 1.0}",1e-06,0.08333505906355321,0.06117325582355313,0.054311349100609876,0.03764034834392923,0.041667529531776604,0.07860870390106058,0.09886749563250118,0.12959890118934136,0.02477941072251364,0.0332583732486822,0.4119863782780958,0.03527903785506727,0.043186108683941064,-1.0130042505357308,0.028002965648464953,0.04019633476289885,0.17178816150352605,0.04739783150719532,0.06122486669402443,0.06324761274842725,0.07681759347437864,,,,,
annual,rolling_validation_fold,train_2017_18_to_2018_19__validate_2019_20,2017/18,2018/19,2019/20,Ridge,"{""alpha"": 10.0}",1e-06,0.06688582989637311,0.051666466501062804,0.0414166994808135,0.030619318563092395,0.033442914948186554,0.049366192138428557,0.07459657121046563,0.4651592697882373,0.04190881253137866,0.06328941861152125,-0.5619268423713026,0.017749738629793413,0.024485742990646046,0.18782929678373717,0.024746916493145598,0.0503234030703625,-1.0597127925077747,0.05171358118319447,0.031119817778432535,0.08056230401900548,0.051601331475356206,,,,,
annual,rolling_validation_fold,train_2017_18_to_2019_20__validate_2020_21,2017/18,2019/20,2020/21,Ridge,"{""alpha"": 10.0}",1e-06,0.05479676094833441,0.042931282545397874,0.0329373157013202,0.02507595794156564,0.027398380474167205,0.04794018415681708,0.06296506272901965,0.5599061354933341,0.018870265250770357,0.025177960666628505,0.6403181132179167,0.02900178389784842,0.03780439884541451,-0.716237329032948,0.013781288591232994,0.02329753587813255,0.5794557038796208,0.025697008543865935,0.04017762285877445,0.03468940468512648,0.051627903987097185,,,,,
annual,rolling_validation_fold,train_2017_18_to_2020_21__validate_2021_22,2017/18,2020/21,2021/22,Ridge,"{""alpha"": 10.0}",1e-06,0.08432234412601876,0.06183350751991684,0.05506664734171959,0.03810900459421423,0.04216117206300938,0.07985042242441204,0.10012190913359598,0.10737178926456215,0.025060445457215898,0.033563799917903175,0.4011367981257661,0.03537754732293044,0.04329009695645428,-1.022710189018356,0.028356273047479147,0.040620233549823304,0.1542278949447311,0.04829092000384034,0.06184237467959884,0.06422893563417814,0.07747137637814148,,,,,
annual,rolling_validation_fold,train_2017_18_to_2018_19__validate_2019_20,2017/18,2018/19,2019/20,Ridge,"{""alpha"": 100.0}",1e-06,0.0682000557052999,0.05243820808497357,0.04482474852614635,0.03238126452351428,0.03410002785264995,0.05711816528142583,0.07975867483536378,0.3885758326208497,0.03215006394749784,0.046698587112814514,0.14963386185499794,0.017775222666990373,0.023997013701714302,0.21992718188610072,0.02935665951468575,0.0492741637080691,-0.9747184604394972,0.052039172419635786,0.037610324632656934,0.07554697129923864,0.055906577110230594,,,,,
annual,rolling_validation_fold,train_2017_18_to_2019_20__validate_2020_21,2017/18,2019/20,2020/21,Ridge,"{""alpha"": 100.0}",1e-06,0.06032384987831042,0.04619056545371678,0.037172952352959684,0.027296905355812726,0.03016192493915521,0.05588801679128387,0.07149150267105393,0.4326450029400356,0.019023287176870334,0.02565537688923484,0.6265484517364656,0.02966263981554064,0.03851151134290182,-0.7810405022168045,0.016073755972926002,0.02528968386432327,0.5044601678033755,0.03057535094991888,0.043770553756000495,0.04038502308324182,0.05593031166143688,,,,,
annual,rolling_validation_fold,train_2017_18_to_2020_21__validate_2021_22,2017/18,2020/21,2021/22,Ridge,"{""alpha"": 100.0}",1e-06,0.09230229407831426,0.06733009692181514,0.06116125001462619,0.04198382745676804,0.04615114703915713,0.08951603482091029,0.11017625079655331,-0.0809070341833924,0.02764401680037856,0.03659505188975136,0.2880817673967736,0.03614490000807276,0.04410532513778858,-1.0996098479483702,0.03129963652726694,0.04408274726867414,0.003893372632281622,0.055807374188003515,0.06651512584124886,0.07242609217835082,0.08254324216660834,,,,,
annual,rolling_validation_fold,train_2017_18_to_2018_19__validate_2019_20,2017/18,2018/19,2019/20,Random Forest,"{""max_depth"": 8, ""min_samples_leaf"": 5, ""n_estimators"": 250}",1e-06,0.03423002934269156,0.030622252377549942,0.01978066234299539,0.017433749412015868,0.01711501467134578,0.025184193445045494,0.035853947816230615,0.8764448917559583,0.015298758289250737,0.02194323117023698,0.8122414888051046,0.012552641468392377,0.017607145600890012,0.5800489636934779,0.015424465482694508,0.021334374771684594,0.629808449615879,0.022805806814224373,0.0167555178717664,0.031138066549595972,0.025011421460830997,,,,,
annual,rolling_validation_fold,train_2017_18_to_2019_20__validate_2020_21,2017/18,2019/20,2020/21,Random Forest,"{""max_depth"": 8, ""min_samples_leaf"": 5, ""n_estimators"": 250}",1e-06,0.03275437740254185,0.03159910423141302,0.02042774089978201,0.019347647467606924,0.016377188701270924,0.02118155524914048,0.03177120549974597,0.8879495976019482,0.019102558310740512,0.026523658956231717,0.6008424609402812,0.013054748738353177,0.019757637035603574,0.5312269060497277,0.012169892506849534,0.018346971514659673,0.7391922203186736,0.021803007997950857,0.019052473801613172,0.030235650921135896,0.02557141204276894,,,,,
annual,rolling_validation_fold,train_2017_18_to_2020_21__validate_2021_22,2017/18,2020/21,2021/22,Random Forest,"{""max_depth"": 8, ""min_samples_leaf"": 5, ""n_estimators"": 250}",1e-06,0.04244065893694522,0.0395086405501437,0.02878917624989354,0.02467127330029084,0.02122032946847261,0.034273683320560085,0.04793570632183665,0.7953882236098744,0.016877363963101653,0.024847780366131285,0.6717833713730044,0.013835193375863905,0.01943404689043795,0.5923541384765967,0.0198950772143648,0.02942985321344514,0.5560391061714637,0.029409458474611124,0.028168894025175962,0.03976132745326026,0.04008262536012193,,,,,
annual,rolling_validation_fold,train_2017_18_to_2018_19__validate_2019_20,2017/18,2018/19,2019/20,Random Forest,"{""max_depth"": null, ""min_samples_leaf"": 10, ""n_estimators"": 250}",1e-06,0.034724868941057,0.03238802288036169,0.019694031836309068,0.018111465356947565,0.0173624344705285,0.026281661607317642,0.037008093689316596,0.8683623346844043,0.016164586904258104,0.02334281133105849,0.7875264883017051,0.012135355219448076,0.017427779193527105,0.588561579734985,0.01486813415109018,0.020472374013499484,0.6591187793782175,0.022722995643884462,0.01666506802873368,0.031401762342874597,0.024996509570558156,,,,,
annual,rolling_validation_fold,train_2017_18_to_2019_20__validate_2020_21,2017/18,2019/20,2020/21,Random Forest,"{""max_depth"": null, ""min_samples_leaf"": 10, ""n_estimators"": 250}",1e-06,0.03261996616284339,0.031452555152631304,0.020244467473537593,0.019211643615899346,0.016309983081421696,0.020757475494629984,0.03192763170905618,0.8868435162790944,0.019534736855520395,0.02681950773653115,0.5918882763481955,0.01288022752855042,0.019768602205438447,0.5307064386540099,0.012067492446985984,0.018051599216049072,0.7475222368201704,0.021784091231528503,0.018704843715546676,0.030760338024919003,0.025323709869159747,,,,,
annual,rolling_validation_fold,train_2017_18_to_2020_21__validate_2021_22,2017/18,2020/21,2021/22,Random Forest,"{""max_depth"": null, ""min_samples_leaf"": 10, ""n_estimators"": 250}",1e-06,0.04224237530317908,0.03907293917804559,0.028527009212213954,0.02438973920293311,0.02112118765158954,0.03382243287262651,0.04737009351334199,0.8001883307372462,0.01696253934555329,0.02492957977152608,0.6696188225378481,0.014301219810651387,0.019914037426861157,0.5719690400216009,0.019398558577526953,0.028772271472386476,0.5756572136652205,0.02872812600655423,0.028325892417873685,0.03893177673352975,0.04019313875887308,,,,,
annual,rolling_validation_fold,train_2017_18_to_2018_19__validate_2019_20,2017/18,2018/19,2019/20,Gradient Boosting,"{""learning_rate"": 0.03, ""max_depth"": 2, ""min_samples_leaf"": 5, ""n_estimators"": 120}",1e-06,0.03496613337697628,0.033330197669705706,0.019523340107453793,0.01869841783747478,0.01748306668848814,0.025007216425903374,0.03645394478055341,0.8722750315191563,0.016433868462980807,0.022590735480684743,0.8009971863343615,0.013815958403944454,0.019184445197361063,0.5014379304465582,0.014675223461123927,0.019773901201005795,0.6819822344662783,0.021091976219965593,0.01795470399494199,0.029895467202133794,0.026042469700052744,,,,,
annual,rolling_validation_fold,train_2017_18_to_2019_20__validate_2020_21,2017/18,2019/20,2020/21,Gradient Boosting,"{""learning_rate"": 0.03, ""max_depth"": 2, ""min_samples_leaf"": 5, ""n_estimators"": 120}",1e-06,0.03409782683405578,0.03292228924454958,0.02110389040918448,0.01980932465037247,0.01704891341702789,0.02226614993042716,0.03283575745762258,0.8803148932768091,0.020558621466839615,0.02814783487104152,0.5504609169426358,0.013693974964582791,0.020967151207965194,0.4720758548157109,0.011676907306262007,0.017656227774013166,0.7584608052275887,0.023025065313086478,0.01918271550528249,0.03191483365021197,0.0261280169600316,,,,,
annual,rolling_validation_fold,train_2017_18_to_2020_21__validate_2021_22,2017/18,2020/21,2021/22,Gradient Boosting,"{""learning_rate"": 0.03, ""max_depth"": 2, ""min_samples_leaf"": 5, ""n_estimators"": 120}",1e-06,0.04756168602878388,0.04321591269358449,0.030624293846895478,0.026378132719209333,0.02378084301439194,0.0396285328708334,0.054269567616828183,0.7377442090778166,0.021196584119290606,0.03057754342624926,0.5029608885192405,0.014765497785198579,0.020677816413103497,0.5385061738330938,0.019532757282245163,0.028724894471097186,0.5770535258650407,0.03242162733274305,0.028826960361047895,0.044305971810613735,0.040355852617323024,,,,,
annual,rolling_validation_fold,train_2017_18_to_2018_19__validate_2019_20,2017/18,2018/19,2019/20,Gradient Boosting,"{""learning_rate"": 0.03, ""max_depth"": 2, ""min_samples_leaf"": 10, ""n_estimators"": 180}",1e-06,0.03555303009303072,0.03427013101884979,0.01970743723509742,0.01910799041913111,0.01777651504651536,0.025994302725949624,0.03718624959546905,0.867091884147779,0.016322475898518384,0.023139655659943085,0.7912087664940735,0.013859262448514069,0.019141381236853328,0.503673695909505,0.014930019113079365,0.020044265980418464,0.6732263899106004,0.022016794925267893,0.017398079544926948,0.0314540072874035,0.025604703572772176,,,,,
annual,rolling_validation_fold,train_2017_18_to_2019_20__validate_2020_21,2017/18,2019/20,2020/21,Gradient Boosting,"{""learning_rate"": 0.03, ""max_depth"": 2, ""min_samples_leaf"": 10, ""n_estimators"": 180}",1e-06,0.03200015222668164,0.031090740109685547,0.01982331653290587,0.01868439565685866,0.01600007611334082,0.02138123791695516,0.03155147047564813,0.8894941568726322,0.01726113364179715,0.024547693346939663,0.6581002013751036,0.013956498398009753,0.020589449262960368,0.49092457664958644,0.011401434496601238,0.017889289095327457,0.7520421092381127,0.019965120916592187,0.01968151214921954,0.027796858475992635,0.02656698428162421,,,,,
annual,rolling_validation_fold,train_2017_18_to_2020_21__validate_2021_22,2017/18,2020/21,2021/22,Gradient Boosting,"{""learning_rate"": 0.03, ""max_depth"": 2, ""min_samples_leaf"": 10, ""n_estimators"": 180}",1e-06,0.04894659472825769,0.046349561474345304,0.03190118132067456,0.028043133673237196,0.024473297364128847,0.04164312167641474,0.056897869955548956,0.7117267260113338,0.020202097648699607,0.030318929869317328,0.5113328806326288,0.015301785959753247,0.021283010743133823,0.511097032116923,0.020746184171647798,0.02974756903779837,0.5464016278370163,0.033490650891644394,0.03031171174970472,0.04551206861021774,0.04202603951341437,,,,,
annual,rolling_validation_fold,train_2017_18_to_2018_19__validate_2019_20,2017/18,2018/19,2019/20,Gradient Boosting,"{""learning_rate"": 0.05, ""max_depth"": 3, ""min_samples_leaf"": 10, ""n_estimators"": 120}",1e-06,0.03628322015828444,0.03500704744045363,0.02099240637953527,0.019929718363791305,0.01814161007914222,0.02738443695688895,0.0393164406926408,0.8514286292876648,0.016225030005720273,0.02387670225197291,0.7776960581739862,0.014224648332622809,0.019877686202878664,0.4647552615189028,0.014732325021336853,0.02078449336576282,0.6486454778288789,0.023217740678090015,0.018767072080980524,0.0322309980576636,0.02685990699781746,,,,,
annual,rolling_validation_fold,train_2017_18_to_2019_20__validate_2020_21,2017/18,2019/20,2020/21,Gradient Boosting,"{""learning_rate"": 0.05, ""max_depth"": 3, ""min_samples_leaf"": 10, ""n_estimators"": 120}",1e-06,0.033609334781004425,0.032038440225987425,0.020626399635298737,0.019355297346204378,0.016804667390502213,0.022340861921845305,0.03251720432923404,0.8826258572880579,0.017715881880689302,0.026092615206694963,0.6137106937628083,0.014682503980375359,0.02142906383794677,0.44855898069061584,0.012479421779098875,0.019416163966270984,0.7079086941531204,0.020585840624469325,0.020666958646128154,0.030111185732490272,0.027199559444480555,,,,,
annual,rolling_validation_fold,train_2017_18_to_2020_21__validate_2021_22,2017/18,2020/21,2021/22,Gradient Boosting,"{""learning_rate"": 0.05, ""max_depth"": 3, ""min_samples_leaf"": 10, ""n_estimators"": 120}",1e-06,0.05145231489295714,0.0497564854094942,0.033144309905692275,0.029804891619791284,0.02572615744647857,0.0429963345821987,0.06216035175548109,0.6559359551338135,0.022779769646533474,0.03453643761031698,0.36592525133750065,0.016222785118852397,0.022456051988842967,0.45571877283076656,0.02090574043832972,0.02980700192186565,0.5445873222793234,0.035963195933351996,0.03032542387803256,0.0502252460773829,0.04235408271668232,,,,,
annual,rolling_validation_mean,mean_of_3_folds,2017/18,varies_by_fold,"2019/20, 2020/21, 2021/22",Gradient Boosting,"{""learning_rate"": 0.03, ""max_depth"": 2, ""min_samples_leaf"": 10, ""n_estimators"": 180}",1e-06,0.03883325901599002,0.03723681086762688,0.02381064502955928,0.021945173249742322,0.01941662950799501,,,,,,,,,,,,,,,,,3.0,4.0,3.5,0.13885280293769464,False
annual,rolling_validation_mean,mean_of_3_folds,2017/18,varies_by_fold,"2019/20, 2020/21, 2021/22",Gradient Boosting,"{""learning_rate"": 0.03, ""max_depth"": 2, ""min_samples_leaf"": 5, ""n_estimators"": 120}",1e-06,0.038875215413271984,0.03648946653594659,0.02375050812117792,0.02162862506901886,0.019437607706635992,,,,,,,,,,,,,,,,,4.0,3.0,3.5,0.13792239856696387,False
annual,rolling_validation_mean,mean_of_3_folds,2017/18,varies_by_fold,"2019/20, 2020/21, 2021/22",Gradient Boosting,"{""learning_rate"": 0.05, ""max_depth"": 3, ""min_samples_leaf"": 10, ""n_estimators"": 120}",1e-06,0.040448289944082,0.038933991025311754,0.02492103864017543,0.02302996910992899,0.020224144972041,,,,,,,,,,,,,,,,,5.0,5.0,5.0,0.10303867370577324,False
annual,rolling_validation_mean,mean_of_3_folds,2017/18,varies_by_fold,"2019/20, 2020/21, 2021/22",Naive,{},1e-06,0.04509479813493531,0.04239617968790107,0.025533291045990097,0.02413543776791961,0.022547399067467656,,,,,,,,,,,,,,,,,6.0,6.0,6.0,0.0,False
annual,rolling_validation_mean,mean_of_3_folds,2017/18,varies_by_fold,"2019/20, 2020/21, 2021/22",Random Forest,"{""max_depth"": 8, ""min_samples_leaf"": 5, ""n_estimators"": 250}",1e-06,0.036475021894059545,0.03390999905303555,0.022999193164223646,0.020484223393304545,0.018237510947029772,,,,,,,,,,,,,,,,,1.0,2.0,1.5,0.1911479061306176,True
annual,rolling_validation_mean,mean_of_3_folds,2017/18,varies_by_fold,"2019/20, 2020/21, 2021/22",Random Forest,"{""max_depth"": null, ""min_samples_leaf"": 10, ""n_estimators"": 250}",1e-06,0.036529070135693155,0.03430450573701286,0.022821836174020203,0.020570949391926673,0.018264535067846577,,,,,,,,,,,,,,,,,2.0,1.0,1.5,0.1899493589839626,False
annual,rolling_validation_mean,mean_of_3_folds,2017/18,varies_by_fold,"2019/20, 2020/21, 2021/22",Ridge,"{""alpha"": 0.1}",1e-06,0.06865228517400744,0.05222852728625963,0.0427862242533113,0.031209355238420795,0.03432614258700372,,,,,,,,,,,,,,,,,8.0,7.0,7.5,-0.5223992126227515,False
annual,rolling_validation_mean,mean_of_3_folds,2017/18,varies_by_fold,"2019/20, 2020/21, 2021/22",Ridge,"{""alpha"": 1.0}",1e-06,0.06863954083661374,0.0522080780247137,0.04281614356245261,0.031212370558891703,0.03431977041830687,,,,,,,,,,,,,,,,,7.0,8.0,7.5,-0.5221166004829749,False
annual,rolling_validation_mean,mean_of_3_folds,2017/18,varies_by_fold,"2019/20, 2020/21, 2021/22",Ridge,"{""alpha"": 10.0}",1e-06,0.06866831165690876,0.052143752188792504,0.04314022084128443,0.031268093699624085,0.03433415582845438,,,,,,,,,,,,,,,,,9.0,9.0,9.0,-0.5227546080023553,False
annual,rolling_validation_mean,mean_of_3_folds,2017/18,varies_by_fold,"2019/20, 2020/21, 2021/22",Ridge,"{""alpha"": 100.0}",1e-06,0.07360873322064153,0.05531962348683517,0.04771965029791075,0.033887332445365015,0.036804366610320764,,,,,,,,,,,,,,,,,10.0,10.0,10.0,-0.632310959689522,False
annual,final_test_2022_23,untouched_final_test,2017/18,2021/22,2022/23,Naive,{},1e-06,0.04523373391196532,0.04235442629378628,0.028422920020868745,0.025148975801627328,0.02261686695598266,0.03226777848556002,0.04647282269398648,0.8192321430366911,0.02486083012336428,0.032039568362923265,0.539911521694067,0.016506410698543268,0.022550059847879868,0.4221609886012401,0.016832448516463077,0.026169562527551614,0.6615582420493146,0.03276023347266836,0.024085606569069124,0.04482050723311643,0.034319099599680936,,,,0.0,
annual,final_test_2022_23,untouched_final_test,2017/18,2021/22,2022/23,Random Forest,"{""max_depth"": 8, ""min_samples_leaf"": 5, ""n_estimators"": 250}",1e-06,0.037001317687653225,0.03391165703710202,0.023883856301292725,0.021286121442760153,0.018500658843826612,0.030033825937543373,0.039242367888732047,0.8711057583367001,0.017568649474384995,0.023926438490572854,0.7434191972145126,0.011562264666554021,0.01681430089444222,0.678730800621608,0.014837895296824057,0.02155725972392654,0.7703438260553979,0.026403837569550254,0.021363875033035197,0.034385815455926935,0.029562518070531042,,,,0.18199727310449687,
monthly,rolling_validation_fold,train_2017_18_to_2018_19__validate_2019_20,2017/18,2018/19,2019/20,Naive,{},1e-06,0.06568795916626763,0.05099603701337038,0.039882352378042496,0.030869202983165814,0.032843979583133814,0.043967305754200194,0.060837248248329576,0.6927678013260394,0.03636790872027389,0.05133498984567243,0.36892491550046613,0.021662008998389833,0.031611496506424544,0.1625913333346849,0.029378694859671355,0.04482693002962249,-0.2037681082441931,0.04465599704818717,0.035108707707897806,0.06241390537837677,0.0508340753733147,,,,,
monthly,rolling_validation_fold,train_2017_18_to_2019_20__validate_2020_21,2017/18,2019/20,2020/21,Naive,{},1e-06,0.06760370971620318,0.05307918859496376,0.041973415171735674,0.0327602260941744,0.03380185485810159,0.04842521610526915,0.0721876482453772,0.5071992316192186,0.03730352873784899,0.055118844491884596,-0.3083669186429454,0.022761215904170542,0.03459703412452318,-0.00211600231232123,0.02671745868511766,0.04162150884976634,0.058649370726645444,0.049445850044930205,0.03450098029854114,0.07252754392089902,0.05101771085410394,,,,,
monthly,rolling_validation_fold,train_2017_18_to_2020_21__validate_2021_22,2017/18,2020/21,2021/22,Naive,{},1e-06,0.06362164960071505,0.04978492496733579,0.039474633521049254,0.03033694318430328,0.031810824800357525,0.04769669882203973,0.0684609634195855,0.6164279694270463,0.029053238352204233,0.04188041558369107,0.27000189921841167,0.024828469734929616,0.03653738540173503,0.10360800956818617,0.02566489229225652,0.039749803608546457,0.28637621135108904,0.04177539805074044,0.03717386899135808,0.060141570229181596,0.054023935908780726,,,,,
monthly,rolling_validation_fold,train_2017_18_to_2018_19__validate_2019_20,2017/18,2018/19,2019/20,Ridge,"{""alpha"": 0.1}",1e-06,0.11960996843055464,0.0881319992867138,0.07890380802097315,0.0562379599643491,0.05980498421527732,0.11748567769890418,0.14459404869539424,-0.7355152785265857,0.06264778381654419,0.08100644224087614,-0.5714233077938828,0.019638379923936706,0.031552594906637824,0.16570910770800118,0.03944809542172417,0.055777820328893786,-0.8637511172268308,0.10208806973384718,0.05571954630809912,0.12666945745094432,0.07764970932628777,,,,,
monthly,rolling_validation_fold,train_2017_18_to_2019_20__validate_2020_21,2017/18,2019/20,2020/21,Ridge,"{""alpha"": 0.1}",1e-06,0.1560701321439934,0.09645878068150383,0.1149672299925555,0.06607704783715208,0.0780350660719967,0.1011471082505584,0.1587921838005603,-1.3845357187402487,0.056802952667271,0.07214078360204923,-1.241253890685094,0.021036503429607827,0.032140021706028844,0.13516633109370269,0.13315369994054957,0.1946024855876426,-19.578444470065474,0.09246489623138984,0.13746956375372116,0.14542875954952977,0.20545556689355382,,,,,
monthly,rolling_validation_fold,train_2017_18_to_2020_21__validate_2021_22,2017/18,2020/21,2021/22,Ridge,"{""alpha"": 0.1}",1e-06,0.051426717067854656,0.04266346301961816,0.03126692987894927,0.02543246369258798,0.025713358533927328,0.03909493657702745,0.0561991181945597,0.7415241803812394,0.026207221528118444,0.0388180039790817,0.372857597337649,0.019427104980752456,0.029935395754307474,0.3982819451576737,0.01812417104981098,0.02768949522883424,0.6537183950132908,0.033952301231003894,0.02858155852689466,0.05036334473596598,0.04251867454362052,,,,,
monthly,rolling_validation_fold,train_2017_18_to_2018_19__validate_2019_20,2017/18,2018/19,2019/20,Ridge,"{""alpha"": 1.0}",1e-06,0.11955425027662496,0.08810013581163782,0.07886968055845214,0.05621878241324093,0.05977712513831248,0.11742494842984144,0.14452386213084523,-0.7338308344888027,0.0626196862459107,0.08097482596035664,-0.5701969148465542,0.019623800479402355,0.03153054541258935,0.16687473383201845,0.03944006539809541,0.05576975350401179,-0.8632120690310716,0.10205190989861407,0.05568745121829021,0.12662783527134916,0.07761578086318628,,,,,
monthly,rolling_validation_fold,train_2017_18_to_2019_20__validate_2020_21,2017/18,2019/20,2020/21,Ridge,"{""alpha"": 1.0}",1e-06,0.15609281075642184,0.0964675003775709,0.11498848127595482,0.06608437103296536,0.07804640537821092,0.10117335065454261,0.1588345894069867,-1.3858094739411122,0.05679642594578519,0.07213382063004757,-1.2408212634198756,0.021040792989571303,0.03214774909176811,0.13475041931852205,0.1331750519229446,0.19463015279381335,-19.584296281639716,0.09248399092277122,0.13749297162913843,0.14544888527312608,0.20550329876646023,,,,,
monthly,rolling_validation_fold,train_2017_18_to_2020_21__validate_2021_22,2017/18,2020/21,2021/22,Ridge,"{""alpha"": 1.0}",1e-06,0.05143181748249384,0.042672225006225015,0.031268969813027216,0.025436935140441784,0.02571590874124692,0.03910285420379012,0.0562202429846356,0.7413298259559096,0.026210606108558267,0.03882487164186977,0.3726356702370013,0.01943001746544625,0.029940307645237144,0.3980844654944813,0.018120157187193044,0.027684500324686903,0.6538433151250903,0.03395335312257471,0.028584586503479715,0.05036902883747241,0.042526786892005834,,,,,
monthly,rolling_validation_fold,train_2017_18_to_2018_19__validate_2019_20,2017/18,2018/19,2019/20,Ridge,"{""alpha"": 10.0}",1e-06,0.1189992111304967,0.08778401756606331,0.07852790923037736,0.05602715754091071,0.05949960556524835,0.11681809453775394,0.14382532632777842,-0.7171108831687356,0.06233898172322045,0.08066034546691399,-0.5580243063654182,0.019482926322992852,0.03131480423587669,0.1782367009768857,0.03935841967702614,0.05568791701647343,-0.8577479294888684,0.1016892345271447,0.05536658393361003,0.1262115642027842,0.07727850113374779,,,,,
monthly,rolling_validation_fold,train_2017_18_to_2019_20__validate_2020_21,2017/18,2019/20,2020/21,Ridge,"{""alpha"": 10.0}",1e-06,0.1563111038079199,0.09655165880810754,0.1151937905198141,0.06615576602591153,0.07815555190395995,0.10143091658740941,0.15926153408296917,-1.3986527426269388,0.056731331914876816,0.07206446288048865,-1.2365141686308894,0.02108203917998515,0.03222244146792965,0.13072509082114236,0.13337791993356848,0.19490606476523703,-19.64269914825558,0.09267249227531482,0.1377150887643134,0.14565694690301123,0.20597600278831713,,,,,
monthly,rolling_validation_fold,train_2017_18_to_2020_21__validate_2021_22,2017/18,2020/21,2021/22,Ridge,"{""alpha"": 10.0}",1e-06,0.051491149801068094,0.042763685690089134,0.03129630552745742,0.02548422704103293,0.025745574900534047,0.03919301749957039,0.05644613503718971,0.7392469845472369,0.026245596730908014,0.03889523758924458,0.3703595473457376,0.01946169542048725,0.029991616574026558,0.3960196835004687,0.018081989951170517,0.02764357263181822,0.6548660478494209,0.03397109749975366,0.028621513555161182,0.05043585616261122,0.04262030325579399,,,,,
monthly,rolling_validation_fold,train_2017_18_to_2018_19__validate_2019_20,2017/18,2018/19,2019/20,Ridge,"{""alpha"": 100.0}",1e-06,0.11371846443274691,0.08483829331477254,0.07515848106175492,0.05416143905715139,0.056859232216373456,0.11083868240669734,0.13723563225889768,-0.5633685808446618,0.05958619307224639,0.07771199002420313,-0.44620591665728404,0.018594806826748807,0.029606523963425512,0.2654486169951783,0.038417246559801256,0.05477265178761898,-0.7971832981846998,0.09799188714439659,0.05232507497911326,0.1221024564139656,0.07413029754492717,,,,,
monthly,rolling_validation_fold,train_2017_18_to_2019_20__validate_2020_21,2017/18,2019/20,2020/21,Ridge,"{""alpha"": 100.0}",1e-06,0.1577754870902307,0.09717815479964204,0.11663550692348326,0.0667052988881318,0.07888774354511535,0.1035131623146569,0.16350611792117772,-1.5282126737528907,0.05609795097149905,0.071397529235571,-1.195309271921412,0.021409763544441976,0.03274544703529236,0.10227751121203643,0.1345300973498635,0.19742044312774779,-20.178735275015168,0.09409952264117447,0.13917149120579203,0.14811831256858118,0.21007644879808166,,,,,
monthly,rolling_validation_fold,train_2017_18_to_2020_21__validate_2021_22,2017/18,2020/21,2021/22,Ridge,"{""alpha"": 100.0}",1e-06,0.05309858585562548,0.044193494431742135,0.032427585637006755,0.02635592538469142,0.02654929292781274,0.04134896756024809,0.059885752409483184,0.7065001121985806,0.0267560873474658,0.039728562899831385,0.34309060016639115,0.01991253709908397,0.030690744796159356,0.36753297043078526,0.018179579704453087,0.02802103615065995,0.6453763258582457,0.03504175003041523,0.029813421243598277,0.05192355800562594,0.04460687122231238,,,,,
monthly,rolling_validation_fold,train_2017_18_to_2018_19__validate_2019_20,2017/18,2018/19,2019/20,Random Forest,"{""max_depth"": 8, ""min_samples_leaf"": 5, ""n_estimators"": 250}",1e-06,0.05145227217842241,0.04239631377918722,0.03089540256067529,0.025263909845893696,0.025726136089211205,0.0359508566488579,0.050477699160057184,0.7884920448073095,0.028439461800709408,0.04093596751658822,0.5987045903896981,0.01679019296108458,0.025641735654101563,0.4490119543756219,0.02172403294619295,0.03191845963802323,0.38969252716167957,0.0358765569240238,0.025914248197326777,0.04975561428776122,0.03796142221876263,,,,,
monthly,rolling_validation_fold,train_2017_18_to_2019_20__validate_2020_21,2017/18,2019/20,2020/21,Random Forest,"{""max_depth"": 8, ""min_samples_leaf"": 5, ""n_estimators"": 250}",1e-06,0.04728122340792561,0.03763565102474395,0.028559340426196223,0.022853233691145107,0.023640611703962804,0.0327705201244461,0.04793971887072111,0.7826615551195015,0.02338098655601349,0.035541291243196015,0.4560039455930949,0.01953683454227542,0.02767185609233454,0.35891319491067286,0.018874105593116204,0.029420748353528113,0.5296477695410132,0.02804671772411266,0.029071963128279782,0.04265280246041595,0.041962325750504896,,,,,
monthly,rolling_validation_fold,train_2017_18_to_2020_21__validate_2021_22,2017/18,2020/21,2021/22,Random Forest,"{""max_depth"": 8, ""min_samples_leaf"": 5, ""n_estimators"": 250}",1e-06,0.05092569465780907,0.04104317109146105,0.03257792925643427,0.02545834480722058,0.025462847328904536,0.04133146836278191,0.05994982664297549,0.7058717209661606,0.02199655825500706,0.03255805323651971,0.5588191805729692,0.019095214005910806,0.030449532895121846,0.37743556898203146,0.019428148691918393,0.031081134495597323,0.5636921070968355,0.03364770853687881,0.031508149975989726,0.04935292409326081,0.04755046182898965,,,,,
monthly,rolling_validation_fold,train_2017_18_to_2018_19__validate_2019_20,2017/18,2018/19,2019/20,Random Forest,"{""max_depth"": null, ""min_samples_leaf"": 10, ""n_estimators"": 250}",1e-06,0.05147410824961968,0.042139210334239355,0.0307936009965822,0.024913451821676504,0.02573705412480984,0.03579189323786943,0.050138559852045676,0.791324570776439,0.028182550508167443,0.040593841515940705,0.60538428456252,0.01728875831667539,0.026126736001121698,0.42797151851858817,0.02168501443652708,0.031863610581947484,0.391788244025542,0.035546906850542556,0.026040295142621836,0.049344726680378176,0.038068873856500034,,,,,
monthly,rolling_validation_fold,train_2017_18_to_2019_20__validate_2020_21,2017/18,2019/20,2020/21,Random Forest,"{""max_depth"": null, ""min_samples_leaf"": 10, ""n_estimators"": 250}",1e-06,0.047168566778501446,0.037529213295880444,0.028641009505658312,0.022886696522315744,0.023584283389250723,0.03278224935766269,0.04799186233533365,0.7821885050874312,0.02321702327541779,0.03528463426662642,0.4638323756913818,0.0194683555790466,0.02745580384282981,0.36888488121506624,0.01886950534487582,0.029562426233726943,0.5251068273741106,0.028118693079121408,0.029163325932195235,0.04273877182179006,0.042062939845399584,,,,,
monthly,rolling_validation_fold,train_2017_18_to_2020_21__validate_2021_22,2017/18,2020/21,2021/22,Random Forest,"{""max_depth"": null, ""min_samples_leaf"": 10, ""n_estimators"": 250}",1e-06,0.05082168773364966,0.041109648916298085,0.03243673709499227,0.025431715253216233,0.02541084386682483,0.04119408864535864,0.0595908979942584,0.7093831583362116,0.022252288349069792,0.03270337913683532,0.5548718873517011,0.019035752579552114,0.030441970727979033,0.37774475938510077,0.019161245893318777,0.03074350848981832,0.5731196138537747,0.03351896780378032,0.03135450638620423,0.04908137066056105,0.04737139899018482,,,,,
monthly,rolling_validation_fold,train_2017_18_to_2018_19__validate_2019_20,2017/18,2018/19,2019/20,Gradient Boosting,"{""learning_rate"": 0.03, ""max_depth"": 2, ""min_samples_leaf"": 5, ""n_estimators"": 120}",1e-06,0.05586620964308404,0.045772181419926894,0.03388611443913161,0.027063478421400795,0.02793310482154202,0.040331455245769775,0.06273306567193207,0.6733214438498738,0.033221730587301136,0.05498101820482925,0.2760982442729695,0.017894625290943312,0.026532464645700138,0.41006722159429354,0.020284608162153838,0.030127621246328937,0.4562559413156969,0.0415440894186917,0.02622813945957152,0.0632916774517144,0.038979100874553696,,,,,
monthly,rolling_validation_fold,train_2017_18_to_2019_20__validate_2020_21,2017/18,2019/20,2020/21,Gradient Boosting,"{""learning_rate"": 0.03, ""max_depth"": 2, ""min_samples_leaf"": 5, ""n_estimators"": 120}",1e-06,0.05556019346603817,0.05621658263946801,0.03353688230323976,0.03353930727414512,0.027780096733019084,0.042807310696689665,0.06481269423819304,0.6027483223395821,0.02976817037868907,0.052683768009205816,-0.19531674392690213,0.01960750899049516,0.027262428534957462,0.37774364935290494,0.018937396866202466,0.030575968773771955,0.4919853582524487,0.03848100504212663,0.028592759564352897,0.0626123481398453,0.04175313909123037,,,,,
monthly,rolling_validation_fold,train_2017_18_to_2020_21__validate_2021_22,2017/18,2020/21,2021/22,Gradient Boosting,"{""learning_rate"": 0.03, ""max_depth"": 2, ""min_samples_leaf"": 5, ""n_estimators"": 120}",1e-06,0.06317508398621494,0.07468451909866083,0.038456902856088424,0.043246984035757004,0.03158754199310747,0.04909880267775003,0.09015149547352155,0.3348696128473816,0.036152287492418965,0.07925284049841644,-1.6141435875883254,0.022647870891847024,0.03612540108542627,0.1237089217624332,0.01845120691041385,0.030429448131431835,0.5817966606087299,0.04306320602016711,0.033850599692009736,0.08422979828014279,0.05066805531372926,,,,,
monthly,rolling_validation_fold,train_2017_18_to_2018_19__validate_2019_20,2017/18,2018/19,2019/20,Gradient Boosting,"{""learning_rate"": 0.03, ""max_depth"": 2, ""min_samples_leaf"": 10, ""n_estimators"": 180}",1e-06,0.057826288913691015,0.049584711446609205,0.034803040945815794,0.028711937148628772,0.028913144456845508,0.04195051777836596,0.06092727122428131,0.6918578844298477,0.0347661639997095,0.05286902530193221,0.3306447396496611,0.01812149379432124,0.026406896062604268,0.41563788637649124,0.020814402254985327,0.030712863732835625,0.43492581865591284,0.042593658358531884,0.027012423533099704,0.06128031957240653,0.039428979389809285,,,,,
monthly,rolling_validation_fold,train_2017_18_to_2019_20__validate_2020_21,2017/18,2019/20,2020/21,Gradient Boosting,"{""learning_rate"": 0.03, ""max_depth"": 2, ""min_samples_leaf"": 10, ""n_estimators"": 180}",1e-06,0.05402006364958666,0.051537839007464815,0.03294294766463567,0.030955285392106464,0.02701003182479333,0.04072226815604815,0.062404211911496865,0.6317240187555966,0.02778885945304742,0.05039714915152041,-0.093808479916617,0.020443103471348208,0.028451898574731696,0.32226055749724947,0.019085896218729564,0.030171894123556326,0.5053239010594867,0.036511745915095276,0.029374149414176078,0.059920423921081455,0.042429164769648885,,,,,
monthly,rolling_validation_fold,train_2017_18_to_2020_21__validate_2021_22,2017/18,2020/21,2021/22,Gradient Boosting,"{""learning_rate"": 0.03, ""max_depth"": 2, ""min_samples_leaf"": 10, ""n_estimators"": 180}",1e-06,0.07445291054020556,0.10466802324926239,0.04463491407066799,0.05919807008852359,0.03722645527010278,0.0589899904818481,0.11483074255221923,-0.07913869409551122,0.03932626790856609,0.09287888517892438,-2.5903249157742687,0.03191856705894361,0.06310516493127977,-1.6739473217215703,0.018670995631053313,0.03039426905517956,0.5827630601914604,0.04622896002989373,0.04304086811144225,0.09714301459013285,0.07083790172079128,,,,,
monthly,rolling_validation_fold,train_2017_18_to_2018_19__validate_2019_20,2017/18,2018/19,2019/20,Gradient Boosting,"{""learning_rate"": 0.05, ""max_depth"": 3, ""min_samples_leaf"": 10, ""n_estimators"": 120}",1e-06,0.09747847617908766,0.14090685208155412,0.053859661566944154,0.07313623042252877,0.04873923808954383,0.08097849210090328,0.15187264675327686,-0.9146382373393049,0.06783490821449359,0.13215829043235758,-3.1825669112263686,0.024448078933390117,0.038029409081453594,-0.21195499654299588,0.021695473109388318,0.03227882083213832,0.375833923107867,0.0744003217153765,0.03331900141851181,0.13351696440979005,0.048995095536201044,,,,,
monthly,rolling_validation_fold,train_2017_18_to_2019_20__validate_2020_21,2017/18,2019/20,2020/21,Gradient Boosting,"{""learning_rate"": 0.05, ""max_depth"": 3, ""min_samples_leaf"": 10, ""n_estimators"": 120}",1e-06,0.06185683726436885,0.07257211117226674,0.036123436268635,0.04111234175632024,0.030928418632184426,0.04583854667140586,0.09012045278236769,0.23194500219538616,0.03817447813435569,0.0873203704774423,-2.2836774082718185,0.020433067642591306,0.029189345712966108,0.28667248232611164,0.019267582080384822,0.029971830915391556,0.5118623288044406,0.042242338444996884,0.03000453409227311,0.09038286650263891,0.04340492522942285,,,,,
monthly,rolling_validation_fold,train_2017_18_to_2020_21__validate_2021_22,2017/18,2020/21,2021/22,Gradient Boosting,"{""learning_rate"": 0.05, ""max_depth"": 3, ""min_samples_leaf"": 10, ""n_estimators"": 120}",1e-06,0.05586762755517813,0.05561472510601808,0.03521116894595059,0.03321668618104087,0.027933813777589064,0.04457542297616371,0.06406028318396602,0.6641552010302485,0.025694277611470265,0.03725963217374777,0.4222008594090745,0.02219322403643396,0.034384294129414274,0.20614120379055612,0.019272330486288323,0.031176296631039043,0.5610163004998907,0.03575672505371404,0.03466561283818714,0.051260269042454086,0.051194786644427975,,,,,
monthly,rolling_validation_mean,mean_of_3_folds,2017/18,varies_by_fold,"2019/20, 2020/21, 2021/22",Gradient Boosting,"{""learning_rate"": 0.03, ""max_depth"": 2, ""min_samples_leaf"": 10, ""n_estimators"": 180}",1e-06,0.06209975436782775,0.06859685790111214,0.037460300893706486,0.03962176420975294,0.031049877183913874,,,,,,,,,,,,,,,,,4.0,4.0,4.0,0.05390217107437012,False
monthly,rolling_validation_mean,mean_of_3_folds,2017/18,varies_by_fold,"2019/20, 2020/21, 2021/22",Gradient Boosting,"{""learning_rate"": 0.03, ""max_depth"": 2, ""min_samples_leaf"": 5, ""n_estimators"": 120}",1e-06,0.05820049569844571,0.05889109438601858,0.03529329986615326,0.03461658991043431,0.029100247849222854,,,,,,,,,,,,,,,,,3.0,3.0,3.0,0.11330788369073119,False
monthly,rolling_validation_mean,mean_of_3_folds,2017/18,varies_by_fold,"2019/20, 2020/21, 2021/22",Gradient Boosting,"{""learning_rate"": 0.05, ""max_depth"": 3, ""min_samples_leaf"": 10, ""n_estimators"": 120}",1e-06,0.07173431366621154,0.08969789611994632,0.04173142226050991,0.0491550861199633,0.03586715683310577,,,,,,,,,,,,,,,,,6.0,6.0,6.0,-0.09288159204432112,False
monthly,rolling_validation_mean,mean_of_3_folds,2017/18,varies_by_fold,"2019/20, 2020/21, 2021/22",Naive,{},1e-06,0.06563777282772862,0.051286716858556645,0.040443467023609146,0.0313221240872145,0.03281888641386431,,,,,,,,,,,,,,,,,5.0,5.0,5.0,0.0,False
monthly,rolling_validation_mean,mean_of_3_folds,2017/18,varies_by_fold,"2019/20, 2020/21, 2021/22",Random Forest,"{""max_depth"": 8, ""min_samples_leaf"": 5, ""n_estimators"": 250}",1e-06,0.04988639674805236,0.040358378631797406,0.030677557414435258,0.024525162781419793,0.02494319837402618,,,,,,,,,,,,,,,,,2.0,2.0,2.0,0.23997426178698888,False
monthly,rolling_validation_mean,mean_of_3_folds,2017/18,varies_by_fold,"2019/20, 2020/21, 2021/22",Random Forest,"{""max_depth"": null, ""min_samples_leaf"": 10, ""n_estimators"": 250}",1e-06,0.04982145425392359,0.040259357515472625,0.030623782532410927,0.024410621199069494,0.024910727126961796,,,,,,,,,,,,,,,,,1.0,1.0,1.0,0.2409636691256446,True
monthly,rolling_validation_mean,mean_of_3_folds,2017/18,varies_by_fold,"2019/20, 2020/21, 2021/22",Ridge,"{""alpha"": 0.1}",1e-06,0.10903560588080091,0.0757514143292786,0.07504598929749264,0.04924915716469639,0.054517802940400456,,,,,,,,,,,,,,,,,10.0,10.0,10.0,-0.6611716269985766,False
monthly,rolling_validation_mean,mean_of_3_folds,2017/18,varies_by_fold,"2019/20, 2020/21, 2021/22",Ridge,"{""alpha"": 1.0}",1e-06,0.10902629283851355,0.07574662039847792,0.07504237721581139,0.04924669619554936,0.054513146419256774,,,,,,,,,,,,,,,,,9.0,9.0,9.0,-0.6610297415889086,False
monthly,rolling_validation_mean,mean_of_3_folds,2017/18,varies_by_fold,"2019/20, 2020/21, 2021/22",Ridge,"{""alpha"": 10.0}",1e-06,0.10893382157982824,0.07569978735475333,0.07500600175921629,0.04922238353595173,0.05446691078991412,,,,,,,,,,,,,,,,,8.0,8.0,8.0,-0.6596209299443085,False
monthly,rolling_validation_mean,mean_of_3_folds,2017/18,varies_by_fold,"2019/20, 2020/21, 2021/22",Ridge,"{""alpha"": 100.0}",1e-06,0.10819751245953436,0.07540331418205223,0.07474052454074831,0.049074221109991545,0.05409875622976718,,,,,,,,,,,,,,,,,7.0,7.0,7.0,-0.6484031647982185,False
monthly,final_test_2022_23,untouched_final_test,2017/18,2021/22,2022/23,Naive,{},1e-06,0.06318529691403398,0.0514454758998337,0.03900669267934349,0.03159651261308627,0.03159264845701699,0.045810636257023425,0.062335264803602866,0.7150476540398754,0.0304589013651869,0.04272796387326849,0.39323808100863744,0.024095441236433597,0.035911497163901074,0.04841706665189305,0.02600561496942402,0.03847210043536783,0.41883593652370077,0.04169865161685383,0.03631473374183315,0.056714351107232996,0.05183008334543549,,,,0.0,
monthly,final_test_2022_23,untouched_final_test,2017/18,2021/22,2022/23,Random Forest,"{""max_depth"": null, ""min_samples_leaf"": 10, ""n_estimators"": 250}",1e-06,0.05206766374173764,0.041967622942789,0.030654306683535706,0.024454281718706065,0.02603383187086882,0.04042433453164078,0.05579497128380878,0.7717058745851091,0.02628438250067188,0.038321752636564926,0.5119271530847629,0.017635251753016733,0.02732746841832526,0.44896596562047253,0.019791358698145866,0.029897370996223856,0.6490276066346947,0.03416293774589811,0.027145675621173305,0.04787826128914716,0.0407368382412334,,,,0.17595285161708274,
