task,origin,horizon,forecast_year,model,observations,total_variation,overall_mae,overall_rmse,overall_inactive_rate_mae,overall_inactive_rate_rmse,overall_inactive_rate_r2,overall_fairly_active_rate_mae,overall_fairly_active_rate_rmse,overall_fairly_active_rate_r2,overall_active_rate_mae,overall_active_rate_rmse,overall_active_rate_r2,positive_cell_observations,positive_cell_mae,zero_cell_observations,zero_cell_mae,small_n_observations,small_n_rate,small_n_mean_error,large_n_observations,large_n_mean_error,inactive_rate_mae,inactive_rate_rmse,inactive_rate_r2,fairly_active_rate_mae,fairly_active_rate_rmse,fairly_active_rate_r2,active_rate_mae,active_rate_rmse,active_rate_r2,activity_inactive_rate_mae,activity_inactive_rate_rmse,activity_inactive_rate_r2,activity_fairly_active_rate_mae,activity_fairly_active_rate_rmse,activity_fairly_active_rate_r2,activity_active_rate_mae,activity_active_rate_rmse,activity_active_rate_r2,months12_rate_mae,months12_rate_rmse,months12_rate_r2,participation_MONTHS_12_mae,participation_MONTHS_12_rmse,participation_MONTHS_12_r2,days10p60gr_rate_mae,days10p60gr_rate_rmse,days10p60gr_rate_r2,participation_DAYS10P60GR_mae,participation_DAYS10P60GR_rmse,participation_DAYS10P60GR_r2
age_overall_level,4,1,5,Naive baseline,256,0.15785657839193967,0.10523771892795979,0.15572543691691335,0.11637666205836641,0.17201276819548045,0.19019754210025697,0.07693224671087945,0.12232870103926846,-0.6470291545419207,0.12240424801463345,0.1679241840494211,0.23381908719021216,249,0.11894955882574781,7,0.24529247773356586,56,0.21875,0.3030197212568511,200,0.11721089838976446,,,,,,,,,,,,,,,,,,,,,,,,,,,,,,
age_overall_level,4,2,6,Naive baseline,256,0.14971424445473705,0.09980949630315804,0.14369078960974555,0.11072537098716262,0.1601216358692346,0.19407555986362623,0.06784079498643962,0.09167008298774743,-1.0037803982790496,0.12086232293587187,0.1670292988298646,0.11629331076619187,249,0.11630673218178696,7,0.282911194045464,56,0.21875,0.2843306945758683,200,0.11202163842082033,,,,,,,,,,,,,,,,,,,,,,,,,,,,,,
age_overall_level,4,3,7,Naive baseline,256,0.14605694762242055,0.09737129841494703,0.14364820966919295,0.10955351003792016,0.1655227666703855,0.09406857799311097,0.071971084750378,0.102950557797874,-1.1111349085784101,0.11058930045654294,0.1546215404993139,0.24898887149578985,251,0.10571476617419093,5,0.3552909214306134,57,0.22265625,0.2736553108941171,199,0.10950867271545218,,,,,,,,,,,,,,,,,,,,,,,,,,,,,,
age_overall_level,4,4,8,Naive baseline,256,0.1468446189385062,0.0978964126256708,0.14774049954796856,0.10786124388181056,0.15984251408402675,0.08224467323979223,0.06765091056798345,0.09970013607568717,-1.8857954979735743,0.11817708342721836,0.17318204057533523,0.03540100623933384,252,0.11621928789630331,4,0.24151820187486664,51,0.19921875,0.2992505266993545,205,0.1089290028614171,,,,,,,,,,,,,,,,,,,,,,,,,,,,,,
age_overall_level,5,1,6,Naive baseline,256,0.14974220265706695,0.09982813510471132,0.14927029244385753,0.11129279270641038,0.16778409173022135,0.11509662400067411,0.07479209037137792,0.1226892911078378,-2.5892870258869034,0.11339952223634564,0.15375531544810128,0.2511702264622112,249,0.11233312138759488,7,0.15133292385619357,56,0.21875,0.2944050424556201,200,0.10923660751347208,,,,,,,,,,,,,,,,,,,,,,,,,,,,,,
age_overall_level,5,2,7,Naive baseline,256,0.14246110656252214,0.09497407104168143,0.14237775301002034,0.10190667741687265,0.15349274283570716,0.22096755907511056,0.07257786813019379,0.11769647643824482,-1.7592147408859353,0.11043766757797786,0.1529764393210282,0.2648846745399067,251,0.11004839448174598,5,0.12997917700881773,57,0.22265625,0.26966994867678545,199,0.10602440304235626,,,,,,,,,,,,,,,,,,,,,,,,,,,,,,
age_overall_level,5,3,8,Naive baseline,256,0.14922604501961767,0.09948403001307844,0.15903209259472056,0.11949283107505371,0.18589882341752695,-0.2413538414550409,0.06440658308104377,0.10786970623401194,-2.3781041990436864,0.11455267588313786,0.172277025032749,0.04545627611492442,252,0.1144543848460443,4,0.12074501122003267,51,0.19921875,0.3125348813614698,205,0.10859799305164472,,,,,,,,,,,,,,,,,,,,,,,,,,,,,,
age_overall_level,6,1,7,Naive baseline,256,0.14755122136014015,0.09836748090676012,0.14418520893736347,0.10859977271604836,0.16435856562071363,0.10676746257667968,0.07126822645458045,0.10138517667340417,-1.047422650876583,0.11523444354965152,0.15835223802314147,0.21231097903911078,251,0.11193166090942942,5,0.2810341320887997,57,0.22265625,0.2970747077706625,199,0.10472288605662372,,,,,,,,,,,,,,,,,,,,,,,,,,,,,,
age_overall_level,6,2,8,Naive baseline,256,0.13758840334721992,0.09172560223147995,0.12951606004803526,0.10238959698998645,0.1402161928513075,0.293782211818963,0.06497615157532591,0.09170481987330145,-1.441509248589636,0.10781105812912747,0.14917397462489598,0.2843062542130409,252,0.10833327819741553,4,0.0749111938269791,51,0.19921875,0.25796125593393887,205,0.1076419863622313,,,,,,,,,,,,,,,,,,,,,,,,,,,,,,
age_overall_level,7,1,8,Naive baseline,256,0.13771682193437018,0.09181121462291343,0.14316375675070614,0.10342039273925958,0.16200927386032365,0.05719459992838405,0.06162708365171028,0.08504185353362333,-1.099614116539367,0.11038616747777048,0.1673572886722968,0.09919588371192256,252,0.1087420660080232,4,0.21396456007184855,51,0.19921875,0.286929168073557,205,0.10059570167535294,,,,,,,,,,,,,,,,,,,,,,,,,,,,,,
disability_overall_level,4,1,5,Naive baseline,495,0.28156775070616297,0.18771183380410864,0.2748749233336338,,,,,,,,,,467,0.19999319208773414,25,0.46893960755477304,340,0.6868686868686869,0.349622362305634,155,0.13360385322860333,0.21293136346231162,0.30147448600069143,-0.8479085412455885,0.13654496946659725,0.21522769749959172,-0.8738053212604575,0.21365916848341704,0.2990967117048537,-0.6892346027716723,,,,,,,,,,,,,,,,,,,,,
disability_overall_level,4,2,6,Naive baseline,495,0.2682839686863329,0.17885597912422194,0.2593681146608196,,,,,,,,,,468,0.19921940142078132,22,0.3912182784362346,329,0.6646464646464646,0.34366095399247215,166,0.12116262387194068,0.21418289308629837,0.29582717300381217,-0.7983311903060479,0.11454528512203521,0.17788512809682594,-0.9908499463299636,0.20783975916433228,0.287504124531584,-0.5679708496506206,,,,,,,,,,,,,,,,,,,,,
disability_overall_level,4,3,7,Naive baseline,495,0.2399022978252197,0.15993486521681313,0.24753513470268898,,,,,,,,,,479,0.18844621756918684,15,0.3724573815614682,307,0.6202020202020202,0.3195070249423701,188,0.11033290156007065,0.174006001417355,0.2561364360658124,-0.4558417184118706,0.11176499314186476,0.18883909182760109,-1.5405994374594538,0.19403360109121967,0.2873236019787897,-0.6082740366315365,,,,,,,,,,,,,,,,,,,,,
disability_overall_level,4,4,8,Naive baseline,495,0.24680394073276976,0.16453596048851318,0.24361502612962835,,,,,,,,,,477,0.18374958648028916,18,0.5188228131723446,306,0.6181818181818182,0.32998681182644085,189,0.11212691134301649,0.19143366953127158,0.26731701967932536,-0.7122346140487581,0.1062401444833586,0.17057773295719156,-1.6058497840422739,0.19593406745090933,0.2783697017948733,-0.7465322874489817,,,,,,,,,,,,,,,,,,,,,
disability_overall_level,5,1,6,Naive baseline,502,0.26321049290576737,0.17547366193717825,0.2588989218989083,,,,,,,,,,473,0.19632462711069623,23,0.36902305265644114,336,0.6693227091633466,0.33355709439715164,166,0.12336483933855776,0.20295455184417313,0.28726552096659913,-0.6441724367335204,0.1191336137366007,0.18753384782498136,-1.2010928728436316,0.204332820230761,0.2887828451708933,-0.524844635653406,,,,,,,,,,,,,,,,,,,,,
disability_overall_level,5,2,7,Naive baseline,502,0.2764420098608131,0.184294673240542,0.2741334951023053,,,,,,,,,,484,0.20785082995888762,17,0.5720722097485574,314,0.6254980079681275,0.36580400524539053,188,0.12766379414074516,0.21167040590284408,0.29937850431511914,-0.938412369763685,0.12100397456563412,0.2058726397739188,-1.8412142268722702,0.22020963925314788,0.3056738241288864,-0.7846399197066904,,,,,,,,,,,,,,,,,,,,,
disability_overall_level,5,3,8,Naive baseline,502,0.25962817944683597,0.17308545296455732,0.2498647972124213,,,,,,,,,,483,0.19226030617885775,19,0.4142476747495602,313,0.6235059760956175,0.32927954532678205,189,0.14427962113771903,0.1980264491696933,0.2753669013563783,-0.7964941096841449,0.12056769118885927,0.18583961039581426,-2.0659163533735208,0.20066221853511942,0.2773697162693358,-0.7292715915296819,,,,,,,,,,,,,,,,,,,,,
disability_overall_level,6,1,7,Naive baseline,499,0.25708957450534015,0.17139304967022675,0.25757071851114494,,,,,,,,,,481,0.19763702185236626,16,0.4035003858670939,311,0.6232464929859719,0.33641585157170245,188,0.12670755528456376,0.20177902646194784,0.28682658634668656,-0.7950117252785942,0.10813570869589206,0.17639138764342838,-1.3797870788737812,0.20426441385284036,0.2926510085972282,-0.6417926186601375,,,,,,,,,,,,,,,,,,,,,
disability_overall_level,6,2,8,Naive baseline,499,0.2563792021823006,0.17091946812153375,0.2508757407678914,,,,,,,,,,481,0.1964278509272663,18,0.4364434300985163,310,0.6212424849699398,0.33053707642714897,189,0.13474459363254934,0.19854938796015656,0.27864692003059666,-0.8501377533419994,0.10912328887380662,0.16687834511219135,-1.334793107913681,0.20508572753063808,0.28865797028246654,-0.8887706463470191,,,,,,,,,,,,,,,,,,,,,
disability_overall_level,7,1,8,Naive baseline,504,0.249353465421155,0.16623564361410334,0.24543052668198334,,,,,,,,,,485,0.19522381041978493,19,0.4688827681239281,315,0.625,0.32985981078435606,189,0.11517622314915324,0.19337459461792092,0.2673929574912683,-0.7096435472072433,0.09979201747845588,0.16079751703686262,-1.1113059947961328,0.20554031874593318,0.28871022683832986,-0.8530368826662513,,,,,,,,,,,,,,,,,,,,,
age_activity_level,4,1,5,Naive baseline,31744,0.008989007153725576,0.005992671435817051,0.026145447159820263,,,,,,,,,,3276,0.04203750705225036,28468,0.0013219473627384868,6944,0.21875,0.006934372765748737,24800,0.00956430478235909,,,,,,,,,,0.007992048719311083,0.031593388865049296,0.5876640408277765,0.0044621478390973685,0.01873049621406396,0.16036794544132393,0.005523817749042699,0.026491121402416603,0.356457971630459,,,,,,,,,,,,
age_activity_level,4,2,6,Naive baseline,31744,0.009127182916798178,0.006084788611198785,0.026052926800957242,,,,,,,,,,3088,0.04422296473726469,28656,0.001419447655653436,7739,0.24379410282258066,0.007330523258173416,24005,0.009706410123550812,,,,,,,,,,0.00814349035955196,0.03183202311613188,0.5881064393196818,0.004527577618415669,0.01897923200981498,0.2409955373342929,0.005583297855628725,0.025744437095026333,0.3596095758389708,,,,,,,,,,,,
age_activity_level,4,3,7,Naive baseline,31744,0.00918342119787914,0.006122280798586091,0.02552611097366058,,,,,,,,,,3703,0.03727496874765472,27935,0.0012174748708016713,8605,0.27107484879032256,0.007808793944902089,23139,0.009688324479051703,,,,,,,,,,0.008075709169224595,0.03083829760757096,0.6968761258652681,0.004853388432665231,0.020267405221081385,0.22925691934964132,0.005437744793868453,0.02435115419421165,0.5950820819834788,,,,,,,,,,,,
age_activity_level,4,4,8,Naive baseline,31744,0.009444537140757958,0.006296358093838638,0.025996718212065575,,,,,,,,,,3829,0.03706019107512476,27862,0.0011925000981943754,7861,0.2476373487903226,0.008426638945137394,23883,0.009777315648960668,,,,,,,,,,0.008415982974414971,0.03179691532550981,0.704660444773395,0.004946951098128544,0.019940821803025952,0.2870009757421269,0.005526140208972402,0.02487584923163329,0.6283660311923129,,,,,,,,,,,,
age_activity_level,5,1,6,Naive baseline,31744,0.007724628289420348,0.0051497521929468985,0.021620486753146963,,,,,,,,,,3088,0.03802403181867401,28656,0.001155791125732839,7739,0.24379410282258066,0.0059295604827054975,24005,0.008303342297175657,,,,,,,,,,0.006661516075754422,0.02554112689625376,0.7348225261861048,0.004045472334138895,0.017317333883413888,0.3680988867747731,0.004742268168947378,0.021215492602549634,0.5651051460967984,,,,,,,,,,,,
age_activity_level,5,2,7,Naive baseline,31744,0.008857146987315743,0.005904764658210495,0.024149429616443036,,,,,,,,,,3703,0.03895278248812145,27935,0.0009859908638965023,8605,0.27107484879032256,0.006592481101651816,23139,0.009688963200732818,,,,,,,,,,0.00784562988575819,0.029352740668973247,0.7253771515309568,0.004438933753944963,0.018454481685474696,0.36097619455345287,0.0054297303349283305,0.02339729841966998,0.6261827637148125,,,,,,,,,,,,
age_activity_level,5,3,8,Naive baseline,31744,0.009435857847557013,0.006290571898371341,0.02643646193884363,,,,,,,,,,3829,0.04088759973293799,27862,0.0009277547431639378,7861,0.2476373487903226,0.00786621759138422,23883,0.009949015789197392,,,,,,,,,,0.008456749649845583,0.032441404086038496,0.692566690108088,0.004659145085644161,0.019046493228642568,0.3495215941031813,0.005755820959624285,0.02610451984138802,0.5907478307159151,,,,,,,,,,,,
age_activity_level,6,1,7,Naive baseline,31744,0.008984805715954716,0.0059898704773031445,0.024257455718128453,,,,,,,,,,3703,0.03931453785325476,27935,0.0010203533826169849,8605,0.27107484879032256,0.007083265017639753,23139,0.009683245337156102,,,,,,,,,,0.007888687562315831,0.029207905081957943,0.7280806149233959,0.0045785120416016985,0.01922078816638912,0.3068045271657869,0.005502411827991903,0.023296610413041204,0.6293932133988085,,,,,,,,,,,,
age_activity_level,6,2,8,Naive baseline,31744,0.00948929694028365,0.006326197960189102,0.026182847244801764,,,,,,,,,,3829,0.041070608614438564,27862,0.0009732641723854813,7861,0.2476373487903226,0.008306092751541967,23883,0.00987611845791942,,,,,,,,,,0.008476694385703417,0.0317693906020583,0.7051715397044094,0.004683956017040856,0.019518284445620423,0.31689712041997997,0.005817943477823027,0.025814082641216818,0.5998037972047474,,,,,,,,,,,,
age_activity_level,7,1,8,Naive baseline,31638,0.009492384834226287,0.006328256556150859,0.025179517575243757,,,,,,,,,,3828,0.03786037612433149,27757,0.0013257455541721421,7755,0.2451166318983501,0.008648167037471134,23883,0.00976463561807288,,,,,,,,,,0.008347999214744288,0.03025322867918091,0.73319112428387,0.004883145658675926,0.020013294530245813,0.2840745871783016,0.005753624795032361,0.024212280200279494,0.648235853930955,,,,,,,,,,,,
disability_activity_level,4,1,5,Naive baseline,62992,0.011077345053998357,0.007384896702665568,0.04661364531488322,,,,,,,,,,3600,0.08162734231803358,58648,0.0020828723689658353,43772,0.6948818897637795,0.012264547502955109,19220,0.008419543442462908,0.009923969472356367,0.05524237280110634,0.04162040717071158,0.005547538348016173,0.039103269663225214,-0.5615412507036812,0.006683182287624167,0.04401943136359078,-0.20786802210587174,,,,,,,,,,,,,,,,,,,,,
disability_activity_level,4,2,6,Naive baseline,62992,0.011029254605372697,0.0073528364035818,0.04635150966641361,,,,,,,,,,3558,0.08631518518165693,58637,0.002046158080803222,44475,0.7060420370840742,0.011776427394761795,18517,0.009266819378557493,0.010092640967504066,0.05608431213541109,0.007555240431496024,0.005098917519543379,0.035911733721071884,-0.7181226533246612,0.006866950723697948,0.044836198082704455,-0.10164057425611728,,,,,,,,,,,,,,,,,,,,,
disability_activity_level,4,3,7,Naive baseline,62992,0.011214339958070052,0.0074762266387133685,0.04569501140523948,,,,,,,,,,4176,0.07684795982232664,58162,0.0018133262661491991,43814,0.6955486410972822,0.011998863122457933,19178,0.009448774217378596,0.010031810509091158,0.0539068837281506,0.1934640684293849,0.005557000266078664,0.03770220101094437,-0.6057169259561237,0.006839869140970287,0.044007887107027695,-0.0028689847384486544,,,,,,,,,,,,,,,,,,,,,
disability_activity_level,4,4,8,Naive baseline,62992,0.010741049101510258,0.007160699401006838,0.043937866358175995,,,,,,,,,,4159,0.07010432327269066,58568,0.0017861720616990963,43160,0.6851663703327406,0.011562727024032151,19832,0.008963826709085056,0.009737407758289735,0.05265467180523627,0.13551413854378458,0.00542880723971997,0.03592481359609055,-0.711570241497417,0.00631588320501081,0.041575252320290336,-0.010115478156435431,,,,,,,,,,,,,,,,,,,,,
disability_activity_level,5,1,6,Naive baseline,62620,0.010689764764505068,0.0071265098430033785,0.04585512339510062,,,,,,,,,,3546,0.08196428682337012,58277,0.001983043067295197,44103,0.7042957521558607,0.011841299667577711,18517,0.007996651921578892,0.00956238474308956,0.05456144887805951,0.06563394592613736,0.005246593989155086,0.03689141737343797,-0.7847712744776763,0.006570550796765486,0.044386356521406524,-0.08301411932849745,,,,,,,,,,,,,,,,,,,,,
disability_activity_level,5,2,7,Naive baseline,62620,0.011195028030510156,0.007463352020340105,0.04464225003745097,,,,,,,,,,4159,0.07405501385829674,57789,0.0017839620302147192,43442,0.6937400191632066,0.011991547844001143,19178,0.00941866175545491,0.010088679001151523,0.05321796928261611,0.19152351383936572,0.005665356778330491,0.0380979047189025,-0.6593176648314545,0.006636020281538301,0.04117267135713723,0.0799024498724824,,,,,,,,,,,,,,,,,,,,,
disability_activity_level,5,3,8,Naive baseline,62620,0.011053823785030118,0.007369215856686745,0.044160781878215566,,,,,,,,,,4159,0.07354588734474872,58196,0.0017914556727089406,42788,0.6832960715426382,0.01193632157219515,19832,0.009161606489567296,0.009942793752670277,0.05259786476165322,0.12829933109154557,0.005587467885295024,0.036315866758149205,-0.7876435646490447,0.006577385932094931,0.042013645550049446,-0.04504229596732223,,,,,,,,,,,,,,,,,,,,,
disability_activity_level,6,1,7,Naive baseline,62691,0.011349457050302447,0.0075663047002016304,0.04572069736854548,,,,,,,,,,4161,0.07680848887478524,57805,0.00214262428728921,43513,0.6940868705236797,0.012265406805173911,19178,0.009305883262032542,0.010288106592404646,0.05473631357837377,0.14946553109642713,0.005254390777497374,0.03495763885746194,-0.4784495558034674,0.007156416730702874,0.045310550261054766,-0.07895268585408854,,,,,,,,,,,,,,,,,,,,,
disability_activity_level,6,2,8,Naive baseline,62691,0.011149134976980132,0.007432756651320087,0.04398085819612902,,,,,,,,,,4159,0.07317779462716535,58161,0.002221357305336069,42859,0.6836547510806974,0.012019291110847199,19832,0.009284915845488401,0.01010879459176209,0.052930940112035495,0.12342217931708599,0.0052327550462477265,0.033060077778364894,-0.45600183163616204,0.006956720315950448,0.04368403025304101,-0.11692081703994806,,,,,,,,,,,,,,,,,,,,,
disability_activity_level,7,1,8,Naive baseline,62710,0.011371788264842062,0.007581192176561376,0.044176158964007325,,,,,,,,,,4157,0.06810587844572615,58235,0.002502980697211419,42878,0.6837505979907511,0.01250345532973523,19832,0.008943200614486413,0.010288468808860704,0.052887811504588725,0.12650863881500474,0.005581194116499302,0.03510663885285382,-0.6334939364906016,0.00687391360432412,0.04272004640856703,-0.06941046855899713,,,,,,,,,,,,,,,,,,,,,
age_months12,4,1,5,Naive baseline,31744,,,,,,,,,,,,,10641,0.041204449139136956,21103,0.0048402067341770695,6944,0.21875,0.015975989794730017,24800,0.01732508680912459,,,,,,,,,,,,,,,,,,,0.017029971837225776,0.04649773945932716,0.8100780352663128,,,,,,,,,
age_months12,4,2,6,Naive baseline,31744,,,,,,,,,,,,,9021,0.048478266249886125,22723,0.006072999668491105,7739,0.24379410282258066,0.0142485904164821,24005,0.01937302104037455,,,,,,,,,,,,,,,,,,,0.018123715073946133,0.049303038040660746,0.7359504965012074,,,,,,,,,
age_months12,4,3,7,Naive baseline,31744,,,,,,,,,,,,,10311,0.04418287304470863,21327,0.004934190364788587,8605,0.27107484879032256,0.014806794397024457,23139,0.018797620307425822,,,,,,,,,,,,,,,,,,,0.017725554139763476,0.047817879375797116,0.7803321864040925,,,,,,,,,
age_months12,4,4,8,Naive baseline,31744,,,,,,,,,,,,,10945,0.045294478247256555,20746,0.004425499319788944,7861,0.2476373487903226,0.017322518693764714,23883,0.01893837655837414,,,,,,,,,,,,,,,,,,,0.018540262954926143,0.047908295667038685,0.7982349672081812,,,,,,,,,
age_months12,5,1,6,Naive baseline,31744,,,,,,,,,,,,,9021,0.04492487813250692,22723,0.004864990737233248,7739,0.24379410282258066,0.012411562616626058,24005,0.017486416457630785,,,,,,,,,,,,,,,,,,,0.01624919701850731,0.043750279555028714,0.7920783764863261,,,,,,,,,
age_months12,5,2,7,Naive baseline,31744,,,,,,,,,,,,,10311,0.04230399412748929,21327,0.0038954541420313125,8605,0.27107484879032256,0.013409549880635547,23139,0.01751618779982378,,,,,,,,,,,,,,,,,,,0.016413010744536438,0.04279393251288838,0.8240658293751268,,,,,,,,,
age_months12,5,3,8,Naive baseline,31744,,,,,,,,,,,,,10945,0.0443941460758451,20746,0.003598495816804904,7861,0.2476373487903226,0.016831503810477662,23883,0.017967924517998148,,,,,,,,,,,,,,,,,,,0.017687934208941318,0.04727085635912584,0.8035683791888654,,,,,,,,,
age_months12,6,1,7,Naive baseline,31744,,,,,,,,,,,,,10311,0.04094011158958181,21327,0.0028438135735429767,8605,0.27107484879032256,0.012313222424408654,23139,0.016341822261034613,,,,,,,,,,,,,,,,,,,0.01525960878320782,0.04083621033451504,0.8397947783131748,,,,,,,,,
age_months12,6,2,8,Naive baseline,31744,,,,,,,,,,,,,10945,0.04598622493488973,20746,0.002738682357610807,7861,0.2476373487903226,0.01596883763143702,23883,0.018232686508273737,,,,,,,,,,,,,,,,,,,0.01767492146361307,0.04680772898979262,0.80739852833308,,,,,,,,,
age_months12,7,1,8,Naive baseline,31638,,,,,,,,,,,,,10944,0.041997145490172354,20641,0.003757877448772987,7755,0.2451166318983501,0.016789959317105706,23883,0.017077705564804306,,,,,,,,,,,,,,,,,,,0.017007538662800997,0.04539391736538161,0.8193484970604535,,,,,,,,,
disability_months12,4,1,5,Naive baseline,62992,,,,,,,,,,,,,11928,0.08345833196360553,50320,0.00875112714116327,43772,0.6948818897637795,0.026395966864373423,19220,0.01561300932179827,,,,,,,,,,,,,,,,,,,,,,0.023066567623140057,0.08465084494466316,0.3682149208228953,,,,,,
disability_months12,4,2,6,Naive baseline,62992,,,,,,,,,,,,,10116,0.08852711572626815,52079,0.009317050774786432,44475,0.7060420370840742,0.02400872652978412,18517,0.017935401664368977,,,,,,,,,,,,,,,,,,,,,,0.022200546506745418,0.08187154674789611,0.28081152589667246,,,,,,
disability_months12,4,3,7,Naive baseline,62992,,,,,,,,,,,,,11837,0.08591328577227106,50501,0.008183184049887812,43814,0.6955486410972822,0.02477125837043193,19178,0.018828190120028926,,,,,,,,,,,,,,,,,,,,,,0.022942900660748774,0.08028872791500709,0.35160628553142703,,,,,,
disability_months12,4,4,8,Naive baseline,62992,,,,,,,,,,,,,12179,0.08256216129020985,50548,0.00846980526840383,43160,0.6851663703327406,0.025083633974421423,19832,0.018036194016132292,,,,,,,,,,,,,,,,,,,,,,0.022855489327733555,0.08078241481484898,0.3450351691723439,,,,,,
disability_months12,5,1,6,Naive baseline,62620,,,,,,,,,,,,,10099,0.08389562818460596,51724,0.009405884125733085,44103,0.7042957521558607,0.023603966826055558,18517,0.0168266194408701,,,,,,,,,,,,,,,,,,,,,,0.02157404039848848,0.0812957342984058,0.29068386111846667,,,,,,
disability_months12,5,2,7,Naive baseline,62620,,,,,,,,,,,,,11787,0.08126057427358743,50161,0.00861766584568494,43442,0.6937400191632066,0.0247168726313171,19178,0.017360959589464233,,,,,,,,,,,,,,,,,,,,,,0.022439612666239065,0.08118645188975376,0.32640856237720073,,,,,,
disability_months12,5,3,8,Naive baseline,62620,,,,,,,,,,,,,12157,0.0825536792107482,50198,0.008357222626818267,42788,0.6832960715426382,0.025193062345944168,19832,0.01774084053295207,,,,,,,,,,,,,,,,,,,,,,0.022822884124546375,0.08154261139410834,0.32421635873147436,,,,,,
disability_months12,6,1,7,Naive baseline,62691,,,,,,,,,,,,,11812,0.0818410858574145,50154,0.006252875627452169,43513,0.6940868705236797,0.022589501134093873,19178,0.016360103026457788,,,,,,,,,,,,,,,,,,,,,,0.02066155037225279,0.07742846359570621,0.39500029956408955,,,,,,
disability_months12,6,2,8,Naive baseline,62691,,,,,,,,,,,,,12165,0.08411738538936392,50155,0.006225529555671557,42859,0.6836547510806974,0.023259244939493266,19832,0.017511629141646293,,,,,,,,,,,,,,,,,,,,,,0.021430189796635416,0.07797388240586124,0.39034451114207513,,,,,,
disability_months12,7,1,8,Naive baseline,62710,,,,,,,,,,,,,12138,0.07961515790851958,50254,0.008631254466208937,42878,0.6837505979907511,0.025214907317489425,19832,0.016487363513822337,,,,,,,,,,,,,,,,,,,,,,0.0224407592101307,0.07880836271133312,0.3746175468090993,,,,,,
age_days10p60gr,4,1,5,Naive baseline,31744,,,,,,,,,,,,,4748,0.04798364344327331,26996,0.0022411029297633913,6944,0.21875,0.00915135364398035,24800,0.009063715889385269,,,,,,,,,,,,,,,,,,,,,,,,,0.009082886648202943,0.03736015281453786,0.578966300816863,,,
age_days10p60gr,4,2,6,Naive baseline,31744,,,,,,,,,,,,,4583,0.04867024175433659,27161,0.002292678199312941,7739,0.24379410282258066,0.008632837217084044,24005,0.009103004511920431,,,,,,,,,,,,,,,,,,,,,,,,,0.008988380498099276,0.036040983954086614,0.6148940011354411,,,
age_days10p60gr,4,3,7,Naive baseline,31744,,,,,,,,,,,,,5503,0.04104582755580463,26135,0.0020029767394723467,8605,0.27107484879032256,0.008573143358727001,23139,0.008875052539862649,,,,,,,,,,,,,,,,,,,,,,,,,0.008793949874382156,0.03359501524124241,0.7309926950698544,,,
age_days10p60gr,4,4,8,Naive baseline,31744,,,,,,,,,,,,,5717,0.04373229686141032,25974,0.0017531388164713163,7861,0.2476373487903226,0.010214432174038876,23883,0.009035685732982171,,,,,,,,,,,,,,,,,,,,,,,,,0.009326104218096896,0.03510904398153906,0.728863753984891,,,
age_days10p60gr,5,1,6,Naive baseline,31744,,,,,,,,,,,,,4583,0.04200582709849721,27161,0.0016380673400751978,7739,0.24379410282258066,0.007426496331750521,24005,0.007478883461977832,,,,,,,,,,,,,,,,,,,,,,,,,0.007466111788564615,0.030085820674691656,0.731644357885977,,,
age_days10p60gr,5,2,7,Naive baseline,31744,,,,,,,,,,,,,5503,0.04346588569440785,26135,0.0013331675252638434,8605,0.27107484879032256,0.00771622355722805,23139,0.009008812750603558,,,,,,,,,,,,,,,,,,,,,,,,,0.008661581081266103,0.03225846062465455,0.7519714544455677,,,
age_days10p60gr,5,3,8,Naive baseline,31744,,,,,,,,,,,,,5717,0.0463043191746725,25974,0.0013657235559519974,7861,0.2476373487903226,0.009767461916362978,23883,0.009376156836282616,,,,,,,,,,,,,,,,,,,,,,,,,0.009472566229020854,0.036476025238366364,0.7073391792253296,,,
age_days10p60gr,6,1,7,Naive baseline,31744,,,,,,,,,,,,,5503,0.0421219522397128,26135,0.001591147813365549,8605,0.27107484879032256,0.007948309320359654,23139,0.00889533127463207,,,,,,,,,,,,,,,,,,,,,,,,,0.008640930250883375,0.032016786056926615,0.7556739034981168,,,
age_days10p60gr,6,2,8,Naive baseline,31744,,,,,,,,,,,,,5717,0.04497608087315875,25974,0.0015197098581981577,7861,0.2476373487903226,0.009609868694373127,23883,0.009277198988528329,,,,,,,,,,,,,,,,,,,,,,,,,0.009359161850641744,0.034946576920359816,0.7313673132836997,,,
age_days10p60gr,7,1,8,Naive baseline,31638,,,,,,,,,,,,,5716,0.04118165547764296,25869,0.0020186630890051105,7755,0.2451166318983501,0.009965013192293303,23883,0.008829066974527375,,,,,,,,,,,,,,,,,,,,,,,,,0.009106067378808938,0.032790354469044665,0.7640473442886959,,,
disability_days10p60gr,4,1,5,Naive baseline,62992,,,,,,,,,,,,,5492,0.08870240183652536,56756,0.003057344849301528,43772,0.6948818897637795,0.0117745892350805,19220,0.008014528072118162,,,,,,,,,,,,,,,,,,,,,,,,,,,,0.010613614174803283,0.05774233586670502,0.11685879638578023
disability_days10p60gr,4,2,6,Naive baseline,62992,,,,,,,,,,,,,5316,0.08888458536696675,56879,0.003288542244326971,44475,0.7060420370840742,0.011386895943743104,18517,0.008759659183186138,,,,,,,,,,,,,,,,,,,,,,,,,,,,0.010604702148498575,0.05782925634365875,0.11984236790325431
disability_days10p60gr,4,3,7,Naive baseline,62992,,,,,,,,,,,,,6275,0.08152181624738006,56063,0.002556052805752587,43814,0.6955486410972822,0.011329541105876889,19178,0.008648784611094517,,,,,,,,,,,,,,,,,,,,,,,,,,,,0.010504818656376804,0.05544102212962561,0.263809921935631
disability_days10p60gr,4,4,8,Naive baseline,62992,,,,,,,,,,,,,6312,0.0763189441346637,56415,0.0027299749033435914,43160,0.6851663703327406,0.010970973445231479,19832,0.008326785176327232,,,,,,,,,,,,,,,,,,,,,,,,,,,,0.010134977115917005,0.05358546796390471,0.2589038100537475
disability_days10p60gr,5,1,6,Naive baseline,62620,,,,,,,,,,,,,5304,0.08541900538400357,56519,0.0030932489521323715,44103,0.7042957521558607,0.011364302234729076,18517,0.007330953691480639,,,,,,,,,,,,,,,,,,,,,,,,,,,,0.01015624835550401,0.056472617218200814,0.16520650120334845
disability_days10p60gr,5,2,7,Naive baseline,62620,,,,,,,,,,,,,6249,0.08091600061402884,55699,0.0027754010411300697,43442,0.6937400191632066,0.011561894402105559,19178,0.00864161679262255,,,,,,,,,,,,,,,,,,,,,,,,,,,,0.010657828346790372,0.05503680549808453,0.25742356059201155
disability_days10p60gr,5,3,8,Naive baseline,62620,,,,,,,,,,,,,6302,0.07888177727998158,56053,0.002858831454243028,42788,0.6832960715426382,0.011472676863617854,19832,0.008547115855763737,,,,,,,,,,,,,,,,,,,,,,,,,,,,0.010542202548682999,0.054353014775714394,0.2314549663276636
disability_days10p60gr,6,1,7,Naive baseline,62691,,,,,,,,,,,,,6250,0.08065999937106606,55716,0.0029982402638541084,43513,0.6940868705236797,0.011810690279584854,19178,0.00864632051971956,,,,,,,,,,,,,,,,,,,,,,,,,,,,0.010831342197496343,0.05638568711263408,0.2242557604139127
disability_days10p60gr,6,2,8,Naive baseline,62691,,,,,,,,,,,,,6309,0.07878727518638753,56011,0.0030243807132074936,42859,0.6836547510806974,0.011686092759194683,19832,0.008569423059989924,,,,,,,,,,,,,,,,,,,,,,,,,,,,0.01069427964182259,0.05478469413151797,0.22523553889479286
disability_days10p60gr,7,1,8,Naive baseline,62710,,,,,,,,,,,,,6309,0.07446122491619049,56083,0.0037082824077586773,42878,0.6837505979907511,0.012099530409404716,19832,0.00820852440733719,,,,,,,,,,,,,,,,,,,,,,,,,,,,0.01086273032232619,0.05474563982991952,0.22766734607771755
