latitude,longitude,elevation,utc_offset_seconds,timezone,timezone_abbreviation
51.493847,-0.1630249,11.0,3600,Europe/London,GMT+1

time,temperature_2m_max (°C),temperature_2m_min (°C),precipitation_sum (mm),precipitation_hours (h),sunshine_duration (s),wind_speed_10m_max (km/h)
2015-01-01,10.9,4.8,1.00,2.0,0.00,34.3
2015-01-02,12.4,3.1,0.60,2.0,23523.22,33.9
2015-01-03,5.3,3.0,11.40,13.0,0.00,18.4
2015-01-04,3.6,-0.0,0.00,0.0,25846.34,9.9
2015-01-05,9.4,3.8,0.00,0.0,3281.74,14.3
2015-01-06,9.9,2.0,0.20,1.0,8320.67,23.2
2015-01-07,9.6,0.9,0.00,0.0,12601.84,30.5
2015-01-08,11.0,5.8,13.00,8.0,10800.00,29.1
2015-01-09,13.8,6.9,0.30,2.0,18000.00,38.3
2015-01-10,12.9,3.5,0.50,1.0,14400.00,40.4
2015-01-11,7.5,3.1,0.00,0.0,27108.77,27.0
2015-01-12,11.1,7.1,1.90,7.0,0.00,35.9
2015-01-13,10.9,3.8,8.80,12.0,22850.14,31.7
2015-01-14,7.8,2.0,1.80,4.0,26466.35,37.4
2015-01-15,10.3,4.8,10.80,11.0,25380.56,45.9
2015-01-16,6.1,-0.3,0.00,0.0,4539.09,30.1
2015-01-17,5.3,-2.7,0.70,4.0,25666.52,17.9
2015-01-18,3.1,-1.5,2.90,9.0,18275.26,14.4
2015-01-19,3.2,-1.6,0.00,0.0,24837.01,13.0
2015-01-20,3.3,-3.3,0.10,1.0,15261.75,18.4
2015-01-21,3.3,2.0,0.70,4.0,0.00,22.1
2015-01-22,4.2,-1.4,0.00,0.0,28537.40,12.2
2015-01-23,5.8,-3.0,0.90,2.0,28229.64,23.0
2015-01-24,7.2,0.9,5.00,5.0,29259.21,24.9
2015-01-25,8.0,-1.2,0.00,0.0,28280.24,19.6
2015-01-26,8.8,3.5,0.10,1.0,7253.50,19.8
2015-01-27,7.7,2.1,0.00,0.0,22704.34,15.9
2015-01-28,9.5,2.1,1.10,4.0,13744.50,37.9
2015-01-29,5.1,0.3,1.60,5.0,20413.34,27.4
2015-01-30,5.4,0.4,0.90,4.0,28790.25,22.0
2015-01-31,3.9,-0.7,2.00,7.0,15102.11,28.9
2015-02-01,4.4,-0.9,0.40,2.0,24572.21,31.4
2015-02-02,2.5,-3.4,0.00,0.0,26512.35,13.3
2015-02-03,4.6,-1.7,1.60,5.0,26070.35,20.8
2015-02-04,4.5,-0.6,0.00,0.0,16161.66,21.3
2015-02-05,4.5,-0.1,1.10,3.0,24305.65,19.5
2015-02-06,4.8,-0.1,0.00,0.0,31966.19,29.8
2015-02-07,6.7,-0.2,0.00,0.0,6746.46,19.2
2015-02-08,6.7,0.6,0.00,0.0,30594.35,19.1
2015-02-09,6.6,0.9,0.00,0.0,13287.69,14.3
2015-02-10,6.0,1.1,0.00,0.0,5618.56,8.4
2015-02-11,5.6,1.9,0.00,0.0,8932.06,7.3
2015-02-12,4.4,1.4,0.00,0.0,5998.37,9.4
2015-02-13,8.0,0.6,4.00,9.0,4583.25,33.2
2015-02-14,7.8,3.8,5.50,7.0,13474.50,16.1
2015-02-15,8.9,3.8,0.00,0.0,2756.60,12.7
2015-02-16,8.4,2.3,7.30,10.0,1381.38,20.7
2015-02-17,8.0,0.8,0.00,0.0,34983.48,18.6
2015-02-18,8.6,-1.3,0.00,0.0,35104.17,19.1
2015-02-19,8.1,3.5,7.20,10.0,6755.83,29.9
2015-02-20,7.0,1.5,3.10,7.0,0.00,16.4
2015-02-21,6.3,-0.4,0.60,4.0,31250.84,20.0
2015-02-22,8.3,-2.6,6.70,9.0,17597.10,34.2
2015-02-23,9.0,3.1,0.80,2.0,34232.85,31.2
2015-02-24,8.4,3.1,0.00,0.0,32923.48,31.3
2015-02-25,10.0,2.9,0.30,2.0,11960.09,14.9
2015-02-26,10.5,4.1,3.80,4.0,0.00,23.0
2015-02-27,8.2,-0.1,0.00,0.0,28800.00,15.8
2015-02-28,9.5,3.0,2.30,3.0,0.00,30.8
2015-03-01,10.6,4.4,1.30,4.0,31685.12,31.7
2015-03-02,7.9,2.2,0.00,0.0,37939.43,34.2
2015-03-03,7.9,1.7,0.80,3.0,35442.40,26.2
2015-03-04,9.0,1.1,0.10,1.0,38200.06,24.7
2015-03-05,10.0,-1.5,0.00,0.0,28800.00,17.1
2015-03-06,10.0,1.8,0.00,0.0,36209.73,22.0
2015-03-07,13.1,5.0,0.00,0.0,36017.40,23.6
2015-03-08,11.6,5.4,0.00,0.0,20620.23,20.3
2015-03-09,10.2,0.3,0.20,2.0,14366.15,23.8
2015-03-10,10.5,3.1,0.00,0.0,39037.04,16.4
2015-03-11,11.7,0.6,0.00,0.0,29659.93,18.7
2015-03-12,11.8,4.1,0.00,0.0,33080.12,20.0
2015-03-13,10.4,3.6,0.00,0.0,20973.82,19.7
2015-03-14,7.5,2.3,0.00,0.0,19762.06,22.7
2015-03-15,7.7,4.4,0.70,5.0,32799.93,23.7
2015-03-16,7.8,3.3,2.30,12.0,14776.27,13.9
2015-03-17,10.8,2.5,1.90,6.0,25219.81,11.5
2015-03-18,10.1,2.5,0.00,0.0,36326.48,16.9
2015-03-19,8.8,4.2,0.00,0.0,165.39,21.7
2015-03-20,11.3,3.4,0.00,0.0,30285.07,14.6
2015-03-21,7.8,4.9,0.00,0.0,12250.53,24.3
2015-03-22,7.4,1.4,0.00,0.0,37522.62,16.9
2015-03-23,9.3,-0.4,0.20,1.0,29950.39,15.0
2015-03-24,9.2,2.4,2.90,13.0,37007.04,14.5
2015-03-25,9.0,-1.0,0.70,4.0,43200.00,10.8
2015-03-26,11.7,2.1,6.10,9.0,25235.09,26.3
2015-03-27,10.8,2.1,0.00,0.0,32432.25,18.4
2015-03-28,12.5,6.0,0.00,0.0,2704.58,32.1
2015-03-29,12.1,8.2,3.10,8.0,9675.79,42.6
2015-03-30,10.8,4.4,0.00,0.0,35856.15,33.5
2015-03-31,11.4,5.6,1.10,4.0,43521.90,42.2
2015-04-01,9.5,3.4,1.60,7.0,43200.00,28.5
2015-04-02,9.6,5.7,2.40,8.0,26516.41,28.6
2015-04-03,11.4,6.3,4.80,16.0,0.00,14.6
2015-04-04,8.5,5.6,0.20,2.0,0.00,25.8
2015-04-05,10.6,4.5,0.00,0.0,15979.71,7.9
2015-04-06,14.1,1.9,0.00,0.0,43807.67,19.1
2015-04-07,15.1,3.1,0.00,0.0,43754.79,7.6
2015-04-08,15.5,4.6,0.00,0.0,30196.07,8.5
2015-04-09,15.3,5.3,0.00,0.0,44448.00,7.9
2015-04-10,18.5,3.3,0.10,1.0,47633.67,15.1
2015-04-11,12.3,5.6,1.30,2.0,30358.63,25.5
2015-04-12,15.1,2.0,0.20,2.0,46943.61,28.9
2015-04-13,15.4,4.7,0.00,0.0,29115.56,13.9
2015-04-14,19.2,5.6,0.00,0.0,48948.05,18.7
2015-04-15,21.7,6.0,0.00,0.0,49176.38,15.1
2015-04-16,15.7,7.1,0.00,0.0,49404.46,18.9
2015-04-17,12.6,6.3,0.00,0.0,43114.27,22.0
2015-04-18,13.1,4.8,0.00,0.0,49859.28,24.1
2015-04-19,10.9,2.6,0.00,0.0,41160.49,18.8
2015-04-20,16.4,2.8,0.00,0.0,50311.25,16.4
2015-04-21,16.2,2.9,0.00,0.0,50400.00,17.5
2015-04-22,13.8,4.1,0.00,0.0,46635.71,23.1
2015-04-23,14.4,6.3,0.00,0.0,36747.02,11.2
2015-04-24,16.6,3.3,0.30,1.0,47665.05,18.7
2015-04-25,17.0,10.3,4.90,12.0,31406.93,22.6
2015-04-26,10.7,5.7,3.80,10.0,4186.92,15.1
2015-04-27,11.7,2.6,0.20,2.0,50400.00,17.2
2015-04-28,12.3,3.2,0.00,0.0,49953.48,21.7
2015-04-29,12.5,6.3,4.10,6.0,37099.47,29.6
2015-04-30,13.6,4.2,0.70,4.0,50400.00,22.8
2015-05-01,11.6,4.6,0.00,0.0,29597.67,22.7
2015-05-02,12.5,3.2,0.00,0.0,19601.26,19.5
2015-05-03,17.4,10.2,6.50,11.0,23238.53,27.8
2015-05-04,17.1,11.4,3.70,5.0,33995.78,25.3
2015-05-05,14.9,10.5,5.50,4.0,35172.80,44.3
2015-05-06,13.9,8.9,4.30,8.0,49989.92,39.7
2015-05-07,15.0,7.5,1.00,5.0,45837.85,20.8
2015-05-08,15.3,7.2,2.10,4.0,19320.72,21.3
2015-05-09,15.6,10.0,0.20,2.0,40103.40,30.6
2015-05-10,16.5,6.1,0.00,0.0,43376.36,21.3
2015-05-11,19.6,11.4,0.00,0.0,41325.36,22.1
2015-05-12,15.7,9.6,0.00,0.0,50729.89,27.5
2015-05-13,17.3,4.7,0.00,0.0,52660.37,14.8
2015-05-14,9.9,7.4,11.90,14.0,1869.08,23.6
2015-05-15,14.9,7.2,0.10,1.0,39769.53,17.8
2015-05-16,15.1,9.9,0.10,1.0,36951.77,19.0
2015-05-17,16.4,6.4,0.00,0.0,43810.40,19.4
2015-05-18,14.5,8.4,4.90,8.0,23891.11,37.7
2015-05-19,13.3,6.9,1.50,5.0,53501.39,26.0
2015-05-20,14.1,5.0,1.10,6.0,54645.99,20.6
2015-05-21,17.4,5.0,0.00,0.0,54655.36,16.5
2015-05-22,16.9,6.5,0.00,0.0,33267.79,12.8
2015-05-23,15.6,11.4,0.20,2.0,19444.93,12.9
2015-05-24,17.7,10.4,1.10,7.0,23805.89,15.3
2015-05-25,14.1,7.6,0.00,0.0,17979.51,16.4
2015-05-26,16.8,9.8,0.00,0.0,44837.47,16.9
2015-05-27,18.2,5.6,1.60,3.0,44540.78,21.3
2015-05-28,16.1,10.7,0.10,1.0,53725.80,21.2
2015-05-29,14.2,8.0,5.60,7.0,38615.66,32.4
2015-05-30,15.7,5.8,0.00,0.0,47506.72,17.9
2015-05-31,14.5,9.6,1.70,5.0,8193.40,26.3
2015-06-01,14.2,7.4,2.60,11.0,27840.58,33.0
2015-06-02,17.2,11.0,1.10,6.0,16496.84,40.2
2015-06-03,17.0,11.3,0.00,0.0,51411.94,21.5
2015-06-04,20.4,8.5,0.00,0.0,57600.00,14.3
2015-06-05,22.8,12.3,2.10,7.0,52333.55,20.5
2015-06-06,17.3,8.3,0.00,0.0,56025.39,25.0
2015-06-07,18.3,6.7,0.00,0.0,57271.06,12.1
2015-06-08,16.4,8.8,0.00,0.0,49852.34,20.0
2015-06-09,14.3,7.5,0.00,0.0,43092.97,25.9
2015-06-10,16.3,9.3,0.00,0.0,43055.41,23.2
2015-06-11,21.6,9.8,0.00,0.0,57600.00,23.2
2015-06-12,23.6,12.8,6.30,9.0,43370.56,15.8
2015-06-13,17.4,14.3,1.80,6.0,2524.05,21.0
2015-06-14,18.4,12.7,0.00,0.0,19011.00,16.2
2015-06-15,16.5,10.6,0.00,0.0,35537.64,17.0
2015-06-16,20.5,9.2,0.00,0.0,28561.15,10.8
2015-06-17,22.2,11.3,0.00,0.0,34156.39,25.2
2015-06-18,19.8,12.9,1.00,3.0,52491.76,16.1
2015-06-19,18.7,10.1,0.00,0.0,40373.82,17.6
2015-06-20,17.2,11.1,3.50,7.0,6425.17,13.0
2015-06-21,18.9,13.3,0.00,0.0,19537.77,20.2
2015-06-22,16.7,11.6,5.40,15.0,28619.96,25.2
2015-06-23,19.0,10.8,0.00,0.0,44667.85,17.2
2015-06-24,21.5,12.7,0.00,0.0,42973.44,17.1
2015-06-25,23.1,11.2,0.00,0.0,51550.78,12.8
2015-06-26,23.0,12.0,1.70,5.0,34575.50,21.5
2015-06-27,23.0,12.3,0.00,0.0,57600.00,17.3
2015-06-28,20.1,14.7,1.50,6.0,29118.93,18.6
2015-06-29,23.2,12.2,0.00,0.0,57600.00,12.6
2015-06-30,27.0,11.2,0.00,0.0,57600.00,16.9
2015-07-01,32.2,18.8,0.00,0.0,57068.01,19.5
2015-07-02,21.9,17.0,0.90,3.0,23291.19,20.1
2015-07-03,25.2,11.7,2.90,1.0,54975.47,21.0
2015-07-04,24.5,17.4,5.70,3.0,56637.45,20.4
2015-07-05,21.4,14.3,4.00,4.0,39155.80,22.6
2015-07-06,21.2,11.5,0.00,0.0,57600.00,18.8
2015-07-07,20.9,13.1,1.10,6.0,39045.60,26.6
2015-07-08,18.4,13.8,0.70,4.0,27880.89,25.8
2015-07-09,19.9,11.2,0.00,0.0,57535.54,15.2
2015-07-10,23.4,11.8,0.00,0.0,53875.80,15.9
2015-07-11,23.4,13.6,0.00,0.0,56087.24,20.4
2015-07-12,20.3,15.0,2.30,9.0,16032.20,23.7
2015-07-13,21.1,15.4,1.20,4.0,4007.14,22.4
2015-07-14,21.3,16.5,1.10,2.0,3546.73,17.4
2015-07-15,20.2,17.0,1.30,6.0,17551.85,11.8
2015-07-16,23.0,15.4,1.30,1.0,38127.03,19.5
2015-07-17,21.9,15.7,2.30,3.0,54361.66,26.0
2015-07-18,21.7,11.8,0.00,0.0,49740.83,14.2
2015-07-19,22.2,13.8,2.80,4.0,45887.69,26.2
2015-07-20,22.4,12.1,0.20,1.0,5421.98,25.5
2015-07-21,23.4,14.1,0.00,0.0,52865.34,23.2
2015-07-22,21.4,13.5,0.00,0.0,53321.95,22.7
2015-07-23,20.3,11.7,0.10,1.0,37816.22,14.1
2015-07-24,16.6,13.2,22.60,16.0,0.00,22.0
2015-07-25,18.2,11.5,11.70,8.0,48161.06,27.4
2015-07-26,16.8,11.6,11.20,13.0,6328.99,24.7
2015-07-27,19.1,14.2,0.40,3.0,31566.39,30.0
2015-07-28,17.7,13.2,0.70,6.0,47161.44,29.3
2015-07-29,17.2,10.0,0.10,1.0,39837.67,20.0
2015-07-30,16.9,9.6,0.00,0.0,52617.88,17.6
2015-07-31,19.0,8.5,0.00,0.0,36520.97,9.8
2015-08-01,19.8,8.2,0.00,0.0,47963.73,17.6
2015-08-02,23.4,10.6,0.00,0.0,50470.88,17.9
2015-08-03,22.1,15.1,0.10,1.0,40499.26,27.4
2015-08-04,20.0,13.2,0.00,0.0,40104.11,26.4
2015-08-05,21.6,13.5,0.40,3.0,39802.55,15.5
2015-08-06,21.1,14.1,0.10,1.0,33611.86,21.1
2015-08-07,22.2,11.1,0.00,0.0,46800.00,13.8
2015-08-08,23.2,13.3,0.00,0.0,49821.89,13.1
2015-08-09,23.5,10.9,0.00,0.0,50730.23,15.7
2015-08-10,20.8,15.9,2.00,5.0,7310.15,22.7
2015-08-11,18.9,12.8,1.50,4.0,561.75,9.2
2015-08-12,21.1,14.7,3.60,9.0,34349.74,18.5
2015-08-13,22.7,15.1,21.10,11.0,7618.74,26.1
2015-08-14,20.9,15.8,11.60,21.0,19230.40,18.5
2015-08-15,19.6,14.3,0.00,0.0,42520.15,13.6
2015-08-16,18.3,11.6,0.30,3.0,26343.46,8.1
2015-08-17,19.8,11.6,0.00,0.0,32862.50,12.1
2015-08-18,18.9,13.0,1.70,4.0,2806.98,15.5
2015-08-19,19.7,12.5,5.70,6.0,29515.09,19.5
2015-08-20,20.0,14.3,1.50,6.0,16638.45,17.6
2015-08-21,23.8,16.5,0.10,1.0,40817.52,20.4
2015-08-22,27.4,14.0,0.00,0.0,47459.62,18.1
2015-08-23,21.8,14.0,3.80,4.0,37354.52,20.2
2015-08-24,16.2,12.0,20.10,17.0,0.00,18.2
2015-08-25,17.8,11.0,5.90,6.0,21503.88,24.2
2015-08-26,18.0,14.0,8.30,10.0,7533.88,33.3
2015-08-27,18.9,13.1,0.80,4.0,31993.20,21.1
2015-08-28,19.2,10.0,0.00,0.0,49156.37,19.4
2015-08-29,21.2,13.3,1.70,4.0,23330.23,11.9
2015-08-30,20.2,14.1,1.50,4.0,5717.64,14.8
2015-08-31,17.2,13.8,15.20,8.0,10137.40,20.2
2015-09-01,17.5,12.4,2.40,11.0,44798.29,12.1
2015-09-02,17.1,9.0,1.10,3.0,45655.44,12.0
2015-09-03,16.1,9.1,0.30,2.0,40812.79,15.6
2015-09-04,16.3,10.7,0.50,2.0,19769.72,16.9
2015-09-05,14.9,11.0,0.00,0.0,8824.06,15.8
2015-09-06,17.2,7.0,0.00,0.0,33089.67,12.0
2015-09-07,17.9,8.0,0.00,0.0,43715.55,16.0
2015-09-08,16.1,8.6,0.00,0.0,26033.63,13.0
2015-09-09,18.5,11.4,0.10,1.0,31111.09,19.1
2015-09-10,19.6,12.5,0.00,0.0,43282.16,18.4
2015-09-11,19.9,11.2,0.00,0.0,41373.95,16.8
2015-09-12,19.3,11.8,2.10,7.0,37089.85,23.3
2015-09-13,16.1,10.0,0.80,2.0,25690.49,13.8
2015-09-14,16.5,10.7,6.20,12.0,30522.65,29.1
2015-09-15,17.5,10.3,4.70,12.0,25569.43,23.0
2015-09-16,14.6,10.9,14.50,14.0,11034.75,22.8
2015-09-17,17.1,9.9,1.70,5.0,37340.13,19.4
2015-09-18,17.0,11.3,3.60,11.0,36283.51,12.9
2015-09-19,17.6,10.1,0.00,0.0,33901.77,13.0
2015-09-20,17.8,9.3,0.00,0.0,32432.14,14.7
2015-09-21,15.5,10.8,5.30,10.0,6566.58,20.7
2015-09-22,14.5,9.3,14.60,16.0,12932.74,17.1
2015-09-23,17.1,8.8,0.00,0.0,39341.11,20.0
2015-09-24,16.5,11.4,1.10,4.0,35697.81,22.6
2015-09-25,16.1,7.4,0.00,0.0,35340.20,12.7
2015-09-26,16.3,8.5,0.00,0.0,35763.10,10.3
2015-09-27,16.9,8.5,0.00,0.0,42179.95,17.0
2015-09-28,16.5,9.3,0.00,0.0,41971.22,17.9
2015-09-29,16.9,9.7,0.00,0.0,40508.31,20.1
2015-09-30,16.5,10.4,0.00,0.0,40852.78,23.2
2015-10-01,16.2,10.1,0.00,0.0,40082.63,23.2
2015-10-02,16.5,7.4,0.00,0.0,40054.70,13.4
2015-10-03,14.9,7.5,0.00,0.0,19248.42,8.7
2015-10-04,17.3,7.4,0.00,0.0,35341.57,16.9
2015-10-05,16.2,12.8,9.20,15.0,0.00,21.8
2015-10-06,17.9,13.7,13.40,16.0,19097.26,19.4
2015-10-07,14.2,11.8,0.10,1.0,183.31,20.9
2015-10-08,15.7,8.4,0.00,0.0,29695.88,10.4
2015-10-09,16.0,8.2,0.00,0.0,36392.46,10.2
2015-10-10,15.2,8.6,0.00,0.0,9496.79,15.5
2015-10-11,13.5,8.9,0.00,0.0,31990.51,17.9
2015-10-12,12.8,7.5,0.00,0.0,36449.20,15.7
2015-10-13,12.5,6.8,0.00,0.0,35985.26,22.9
2015-10-14,12.6,5.5,0.00,0.0,36143.82,23.4
2015-10-15,11.9,7.8,0.00,0.0,21495.64,17.7
2015-10-16,12.5,9.1,0.00,0.0,0.00,23.6
2015-10-17,12.5,9.4,0.00,0.0,16565.97,22.4
2015-10-18,14.3,9.4,0.00,0.0,18768.93,15.0
2015-10-19,14.0,9.3,0.00,0.0,19375.69,15.9
2015-10-20,14.4,6.6,0.00,0.0,32400.00,12.9
2015-10-21,13.7,7.5,8.70,11.0,0.00,18.6
2015-10-22,13.9,7.8,0.00,0.0,3098.28,17.8
2015-10-23,14.0,6.5,0.00,0.0,15934.42,13.8
2015-10-24,14.0,8.7,2.40,5.0,0.00,20.3
2015-10-25,11.6,3.2,0.00,0.0,30468.12,13.3
2015-10-26,14.5,6.2,0.00,0.0,19737.55,20.4
2015-10-27,16.9,9.5,3.60,9.0,26317.57,16.5
2015-10-28,14.7,10.0,8.70,11.0,18396.99,13.0
2015-10-29,14.9,9.9,1.10,3.0,9524.81,28.5
2015-10-30,14.9,12.2,4.00,8.0,2190.73,24.2
2015-10-31,14.0,8.8,0.00,0.0,18112.64,12.5
2015-11-01,11.5,6.7,0.00,0.0,2869.89,7.4
2015-11-02,13.9,8.6,0.00,0.0,13636.90,11.2
2015-11-03,14.0,8.1,0.50,2.0,7588.37,12.2
2015-11-04,14.1,9.4,5.00,12.0,12715.73,13.1
2015-11-05,15.2,12.1,4.80,9.0,4242.66,26.0
2015-11-06,16.0,12.7,6.00,6.0,0.00,26.3
2015-11-07,16.1,11.5,5.70,8.0,2296.37,36.4
2015-11-08,15.5,7.1,0.80,3.0,6820.76,27.9
2015-11-09,14.3,9.6,0.50,3.0,0.00,31.6
2015-11-10,15.2,13.3,0.00,0.0,0.00,26.7
2015-11-11,15.0,12.4,0.00,0.0,18448.16,25.6
2015-11-12,15.1,9.8,0.00,0.0,17982.51,28.7
2015-11-13,13.6,7.3,0.40,1.0,30671.42,28.2
2015-11-14,13.4,6.9,4.30,8.0,0.00,31.8
2015-11-15,14.5,12.2,0.00,0.0,4217.55,35.3
2015-11-16,13.7,10.8,1.30,3.0,7450.35,30.9
2015-11-17,15.1,11.7,6.80,8.0,3141.71,45.9
2015-11-18,14.3,9.8,0.70,3.0,18618.91,40.1
2015-11-19,11.9,8.7,4.40,6.0,3.27,32.5
2015-11-20,8.4,4.7,0.00,0.0,17957.94,21.6
2015-11-21,4.7,0.0,1.60,3.0,21487.89,37.2
2015-11-22,5.6,-2.2,0.00,0.0,28620.18,15.5
2015-11-23,5.9,-1.6,0.10,1.0,19794.72,17.4
2015-11-24,9.3,6.1,8.20,18.0,3.99,24.2
2015-11-25,9.2,5.5,0.10,1.0,16669.34,21.4
2015-11-26,10.3,4.8,0.00,0.0,17044.56,10.4
2015-11-27,11.9,7.0,1.30,3.0,0.00,29.2
2015-11-28,9.3,2.2,1.40,4.0,14400.00,31.8
2015-11-29,12.7,8.5,0.10,1.0,603.42,41.1
2015-11-30,13.0,6.4,0.70,4.0,0.00,36.4
2015-12-01,12.6,10.7,2.50,7.0,12407.39,23.8
2015-12-02,12.6,10.3,0.00,0.0,19525.24,24.9
2015-12-03,12.6,10.7,1.70,4.0,3211.96,34.5
2015-12-04,12.5,5.4,1.20,3.0,26701.01,31.9
2015-12-05,11.5,10.5,0.00,0.0,389.42,37.9
2015-12-06,13.2,10.9,0.10,1.0,1659.18,33.3
2015-12-07,13.1,10.3,0.10,1.0,11539.34,21.7
2015-12-08,12.5,7.4,4.10,9.0,16375.71,24.2
2015-12-09,10.8,4.1,0.00,0.0,26292.79,27.7
2015-12-10,11.2,9.8,5.00,7.0,1638.05,28.8
2015-12-11,9.7,5.0,1.60,5.0,0.00,20.8
2015-12-12,11.8,3.4,1.00,6.0,0.00,34.4
2015-12-13,11.8,6.2,1.80,7.0,0.00,29.5
2015-12-14,9.3,6.9,2.10,6.0,2685.12,13.9
2015-12-15,12.9,6.5,6.10,7.0,0.00,17.3
2015-12-16,13.6,12.4,0.50,3.0,0.00,23.5
2015-12-17,14.4,11.4,1.80,3.0,8043.79,25.4
2015-12-18,12.6,11.0,0.20,1.0,3600.00,21.5
2015-12-19,14.7,12.0,0.40,2.0,15398.86,27.9
2015-12-20,13.9,8.9,0.10,1.0,16600.71,30.6
2015-12-21,12.9,7.4,0.60,2.0,13766.16,41.1
2015-12-22,13.9,9.6,6.80,9.0,0.00,38.2
2015-12-23,11.6,7.8,0.90,2.0,27096.54,29.4
2015-12-24,11.8,5.8,2.60,3.0,18873.98,38.8
2015-12-25,14.0,4.0,0.30,1.0,412.39,33.4
2015-12-26,14.0,12.6,0.00,0.0,19.69,34.5
2015-12-27,13.8,11.9,1.70,5.0,0.00,34.0
2015-12-28,11.8,8.4,0.00,0.0,22901.46,25.1
2015-12-29,11.9,8.6,0.80,3.0,24810.53,26.7
2015-12-30,12.3,9.9,6.40,6.0,8342.71,37.1
2015-12-31,10.5,5.7,3.50,5.0,27308.29,33.4
2016-01-01,7.9,-0.3,1.10,4.0,1146.36,25.9
2016-01-02,10.1,7.7,5.70,12.0,0.00,28.2
2016-01-03,9.6,5.6,11.30,8.0,0.00,31.1
2016-01-04,9.4,5.4,0.90,4.0,16004.74,17.1
2016-01-05,9.5,3.6,0.70,2.0,20236.05,19.1
2016-01-06,6.5,2.7,1.10,2.0,0.00,11.7
2016-01-07,10.0,3.8,11.20,11.0,14975.69,34.6
2016-01-08,8.9,1.7,0.20,2.0,27527.08,19.0
2016-01-09,9.6,6.4,7.20,11.0,4089.78,32.9
2016-01-10,7.7,4.5,0.00,0.0,23458.21,27.4
2016-01-11,6.7,4.7,6.80,12.0,2932.72,19.9
2016-01-12,6.3,3.4,0.90,3.0,18034.17,29.6
2016-01-13,5.6,1.6,1.10,5.0,22894.17,24.6
2016-01-14,4.6,1.0,1.60,7.0,19234.78,30.6
2016-01-15,4.4,0.2,0.00,0.0,28409.91,27.6
2016-01-16,3.7,-1.1,0.20,1.0,28461.45,15.3
2016-01-17,4.0,0.4,2.00,9.0,1471.87,18.9
2016-01-18,3.3,-2.4,0.00,0.0,21934.55,19.0
2016-01-19,2.6,-3.3,0.00,0.0,28635.81,9.0
2016-01-20,3.0,-1.5,0.00,0.0,22636.93,8.0
2016-01-21,5.4,-2.1,0.00,0.0,11743.32,19.7
2016-01-22,10.5,3.3,5.20,6.0,0.00,24.2
2016-01-23,10.6,2.7,2.80,3.0,24440.84,23.5
2016-01-24,11.7,7.4,1.00,2.0,0.00,22.3
2016-01-25,13.1,8.3,0.00,0.0,24999.20,31.2
2016-01-26,11.0,5.5,1.80,7.0,2985.74,38.1
2016-01-27,12.2,7.7,2.60,6.0,0.00,35.0
2016-01-28,8.7,1.1,0.00,0.0,28800.00,29.3
2016-01-29,11.0,8.7,0.20,1.0,0.00,36.3
2016-01-30,10.4,4.2,5.30,9.0,19421.05,35.1
2016-01-31,12.3,2.2,1.50,5.0,0.00,28.6
2016-02-01,12.9,9.6,0.00,0.0,11317.67,36.1
2016-02-02,9.4,4.5,0.40,2.0,24187.49,29.8
2016-02-03,7.5,2.1,0.20,1.0,26178.96,30.7
2016-02-04,11.8,2.6,0.60,2.0,11044.89,27.3
2016-02-05,10.5,7.8,0.20,1.0,2069.98,31.0
2016-02-06,11.0,8.6,6.40,12.0,0.00,42.6
2016-02-07,9.0,4.4,5.80,6.0,25308.01,40.0
2016-02-08,9.8,5.9,3.40,6.0,29088.82,49.8
2016-02-09,6.7,3.2,0.90,5.0,18223.00,28.2
2016-02-10,7.5,0.7,0.00,0.0,18481.60,22.0
2016-02-11,7.3,-2.0,0.00,0.0,32400.00,8.2
2016-02-12,6.8,0.0,0.60,4.0,33033.10,15.9
2016-02-13,5.2,0.6,4.00,15.0,815.49,25.7
2016-02-14,6.0,1.2,0.50,4.0,32400.00,24.4
2016-02-15,5.7,-0.4,0.00,0.0,30652.62,27.1
2016-02-16,6.2,-2.2,0.00,0.0,32375.77,15.9
2016-02-17,6.6,2.2,4.70,7.0,18832.35,21.0
2016-02-18,7.1,0.2,2.70,7.0,29679.06,17.9
2016-02-19,8.7,-2.0,1.20,5.0,31856.53,30.4
2016-02-20,11.7,7.8,0.60,2.0,602.24,33.5
2016-02-21,12.1,10.7,0.00,0.0,0.00,33.1
2016-02-22,10.8,4.7,1.70,7.0,6363.35,28.4
2016-02-23,7.9,0.9,0.50,2.0,35749.02,12.4
2016-02-24,6.4,-1.1,0.00,0.0,35815.36,9.0
2016-02-25,5.1,-3.3,0.00,0.0,25680.29,12.7
2016-02-26,7.0,-1.6,0.00,0.0,16183.80,13.2
2016-02-27,5.7,-0.2,0.00,0.0,4945.72,25.5
2016-02-28,6.9,2.4,0.00,0.0,10873.12,27.3
2016-02-29,6.5,-0.7,0.00,0.0,34267.02,14.4
2016-03-01,11.3,4.1,3.30,8.0,0.00,27.8
2016-03-02,7.9,3.1,4.50,9.0,34633.84,36.8
2016-03-03,8.2,3.6,0.60,4.0,27706.34,32.6
2016-03-04,6.9,1.0,5.30,5.0,38154.15,25.4
2016-03-05,7.2,-2.9,2.10,7.0,31864.48,23.2
2016-03-06,6.4,-0.6,0.60,2.0,37688.43,19.0
2016-03-07,6.3,-2.1,0.10,1.0,38868.49,22.1
2016-03-08,7.5,-3.4,0.00,0.0,10740.15,21.6
2016-03-09,9.3,5.8,14.70,19.0,14818.55,31.9
2016-03-10,9.3,2.9,0.40,3.0,12256.79,13.4
2016-03-11,7.4,-1.7,0.00,0.0,22831.78,8.1
2016-03-12,9.7,0.6,0.00,0.0,22134.73,7.9
2016-03-13,8.0,-0.3,0.00,0.0,39389.97,18.0
2016-03-14,7.9,2.7,0.00,0.0,31493.84,24.4
2016-03-15,8.9,1.3,0.00,0.0,10345.41,18.9
2016-03-16,7.5,5.2,0.00,0.0,20634.06,24.6
2016-03-17,10.1,1.5,0.00,0.0,41838.60,17.1
2016-03-18,7.5,-0.1,0.00,0.0,2293.20,16.9
2016-03-19,7.8,4.1,0.00,0.0,5784.92,20.2
2016-03-20,8.9,3.6,0.00,0.0,6034.58,16.0
2016-03-21,11.4,3.7,0.00,0.0,35550.04,16.4
2016-03-22,11.0,2.0,0.00,0.0,42056.65,8.0
2016-03-23,10.3,4.0,0.00,0.0,16693.31,7.3
2016-03-24,9.7,4.5,5.10,12.0,0.00,21.5
2016-03-25,13.1,6.5,3.50,7.0,39025.78,19.5
2016-03-26,12.0,6.2,4.00,5.0,3553.39,39.3
2016-03-27,10.5,5.2,2.90,7.0,42158.14,34.8
2016-03-28,10.8,5.2,12.40,16.0,31160.44,48.0
2016-03-29,10.8,4.1,3.40,5.0,36000.00,26.9
2016-03-30,11.2,4.4,0.90,5.0,34407.88,20.5
2016-03-31,11.1,3.0,0.00,0.0,43484.06,13.0
2016-04-01,11.8,0.3,0.00,0.0,32082.93,21.0
2016-04-02,12.6,6.2,3.00,6.0,34737.88,16.9
2016-04-03,15.4,7.0,4.50,7.0,28884.01,15.1
2016-04-04,12.4,7.0,2.00,6.0,37213.86,21.4
2016-04-05,13.0,6.7,0.70,4.0,43986.81,17.3
2016-04-06,11.4,4.4,1.50,7.0,31397.92,32.1
2016-04-07,10.5,3.4,4.10,10.0,40775.20,26.3
2016-04-08,11.8,3.1,0.00,0.0,28398.71,12.8
2016-04-09,10.5,3.9,3.30,13.0,34311.50,20.5
2016-04-10,11.5,-0.0,0.00,0.0,38023.12,25.3
2016-04-11,14.0,8.2,3.20,10.0,17102.84,15.8
2016-04-12,15.0,6.1,0.60,2.0,38942.13,12.4
2016-04-13,15.9,3.8,1.20,2.0,47514.94,8.9
2016-04-14,15.4,5.1,3.40,5.0,37894.80,13.4
2016-04-15,12.3,7.0,13.00,16.0,15581.33,16.3
2016-04-16,8.4,3.7,2.30,11.0,36572.68,15.1
2016-04-17,10.5,-0.4,1.10,5.0,49813.81,10.2
2016-04-18,11.4,1.5,0.00,0.0,23348.77,19.1
2016-04-19,13.7,5.8,0.00,0.0,50240.63,13.7
2016-04-20,12.0,2.6,0.00,0.0,50400.00,21.7
2016-04-21,13.9,5.5,0.00,0.0,39524.31,22.3
2016-04-22,9.9,5.6,4.10,9.0,3600.00,22.2
2016-04-23,9.5,3.0,0.40,2.0,50400.00,21.3
2016-04-24,9.3,3.4,0.60,4.0,33620.99,21.1
2016-04-25,11.5,4.7,1.90,8.0,46268.53,24.0
2016-04-26,9.0,1.4,0.60,2.0,46562.48,25.2
2016-04-27,9.5,1.1,1.40,7.0,47223.71,16.2
2016-04-28,10.2,-0.3,0.00,0.0,40795.38,25.7
2016-04-29,10.8,4.2,0.50,4.0,46936.36,26.4
2016-04-30,11.8,0.8,0.20,1.0,49517.88,14.8
2016-05-01,14.0,0.6,0.00,0.0,44766.61,18.3
2016-05-02,15.4,8.2,1.20,3.0,17005.97,31.1
2016-05-03,13.4,3.9,0.00,0.0,47384.27,16.4
2016-05-04,15.1,3.5,0.00,0.0,50510.49,14.6
2016-05-05,18.0,4.8,0.00,0.0,50740.02,15.5
2016-05-06,20.4,6.9,0.00,0.0,42049.23,12.1
2016-05-07,21.7,10.4,0.10,1.0,43063.34,17.5
2016-05-08,23.9,10.9,0.00,0.0,51351.54,18.2
2016-05-09,21.8,13.4,2.10,5.0,47056.13,20.9
2016-05-10,17.4,14.0,6.70,17.0,7271.54,16.6
2016-05-11,18.6,12.7,8.70,14.0,19973.08,11.9
2016-05-12,21.2,11.7,1.10,5.0,51015.87,21.1
2016-05-13,17.4,8.5,0.20,1.0,48968.05,26.9
2016-05-14,11.5,7.2,0.00,0.0,32472.52,18.9
2016-05-15,15.3,3.9,0.00,0.0,45573.31,14.6
2016-05-16,16.0,7.4,0.00,0.0,52813.30,13.4
2016-05-17,16.2,5.3,0.00,0.0,35609.33,20.7
2016-05-18,15.4,10.0,11.10,15.0,24992.25,23.6
2016-05-19,17.4,9.0,1.90,5.0,31526.26,21.0
2016-05-20,16.9,12.1,0.40,2.0,22238.39,20.8
2016-05-21,16.5,11.6,0.80,5.0,19793.67,28.6
2016-05-22,17.4,10.8,1.60,5.0,27738.75,12.1
2016-05-23,17.2,9.1,0.10,1.0,54520.22,18.6
2016-05-24,15.4,6.6,0.00,0.0,44617.78,19.7
2016-05-25,12.6,7.9,0.50,4.0,7276.70,16.2
2016-05-26,18.7,7.9,0.00,0.0,55329.16,11.6
2016-05-27,19.6,8.9,0.00,0.0,55138.45,13.8
2016-05-28,19.6,9.5,0.00,0.0,57456.58,15.3
2016-05-29,18.9,8.5,0.10,1.0,54224.51,21.7
2016-05-30,17.2,11.0,0.00,0.0,1522.10,29.9
2016-05-31,12.5,10.6,11.40,11.0,0.00,31.7
2016-06-01,14.3,11.4,0.50,2.0,0.00,25.3
2016-06-02,14.5,10.1,0.20,1.0,26010.14,27.5
2016-06-03,14.5,9.2,0.00,0.0,578.59,17.5
2016-06-04,20.0,11.8,0.00,0.0,679.29,12.6
2016-06-05,22.4,10.7,0.00,0.0,57600.00,14.8
2016-06-06,22.0,10.1,0.00,0.0,57600.00,14.5
2016-06-07,22.1,10.8,17.50,12.0,40528.31,9.4
2016-06-08,23.6,14.5,1.60,3.0,50219.76,11.1
2016-06-09,21.3,11.8,0.00,0.0,52502.79,10.4
2016-06-10,21.0,11.3,0.20,1.0,23179.35,8.4
2016-06-11,20.8,13.8,2.00,9.0,36832.80,7.6
2016-06-12,18.1,13.4,5.10,10.0,14387.65,16.5
2016-06-13,18.6,13.3,4.40,12.0,32300.93,17.9
2016-06-14,17.7,12.8,8.10,12.0,18877.09,20.6
2016-06-15,17.9,10.9,3.60,8.0,56940.88,21.5
2016-06-16,17.0,12.0,8.50,9.0,36499.45,12.9
2016-06-17,18.2,10.6,5.70,12.0,28872.89,12.2
2016-06-18,17.1,11.5,0.20,2.0,31942.23,14.8
2016-06-19,18.8,10.9,1.90,5.0,31599.70,22.4
2016-06-20,20.2,14.4,15.70,12.0,21521.78,25.5
2016-06-21,19.6,13.0,0.00,0.0,41159.77,15.6
2016-06-22,21.1,13.9,0.50,2.0,13485.89,19.3
2016-06-23,23.1,15.5,22.00,16.0,16236.13,12.0
2016-06-24,19.6,12.9,1.40,6.0,56631.64,23.2
2016-06-25,18.8,10.6,5.10,10.0,50258.42,13.3
2016-06-26,19.3,11.7,2.20,6.0,39944.93,19.2
2016-06-27,18.5,14.6,1.00,5.0,34102.04,17.1
2016-06-28,18.5,9.9,2.90,5.0,43481.55,20.8
2016-06-29,16.7,11.2,0.60,4.0,18978.96,32.8
2016-06-30,19.8,13.9,1.60,9.0,39900.93,22.4
2016-07-01,17.9,12.8,0.80,4.0,30820.93,26.0
2016-07-02,18.0,10.4,1.50,3.0,56924.23,25.0
2016-07-03,19.1,10.5,0.00,0.0,53836.82,15.3
2016-07-04,19.7,10.6,0.10,1.0,33959.83,21.4
2016-07-05,19.4,15.1,0.20,1.0,30281.37,21.7
2016-07-06,19.1,10.4,0.00,0.0,40524.18,10.3
2016-07-07,19.9,13.5,0.30,1.0,30009.12,14.2
2016-07-08,22.5,13.6,0.10,1.0,37625.38,26.6
2016-07-09,20.9,13.6,0.00,0.0,26396.53,29.5
2016-07-10,20.3,15.5,0.20,2.0,26480.64,27.1
2016-07-11,20.7,14.6,3.90,7.0,50697.17,31.0
2016-07-12,18.7,12.2,6.10,11.0,48132.17,15.6
2016-07-13,18.6,11.2,2.40,6.0,54292.01,15.0
2016-07-14,18.6,10.3,0.00,0.0,43565.79,16.8
2016-07-15,18.5,10.6,0.00,0.0,28283.21,20.0
2016-07-16,23.3,16.4,0.00,0.0,28384.68,19.9
2016-07-17,24.4,16.4,1.50,6.0,38596.38,18.0
2016-07-18,26.5,14.5,0.00,0.0,54000.00,10.0
2016-07-19,29.7,15.1,0.00,0.0,56491.67,16.8
2016-07-20,28.4,19.2,0.20,2.0,55584.40,23.7
2016-07-21,22.8,14.8,0.10,1.0,37597.72,14.5
2016-07-22,23.1,16.6,0.30,2.0,43315.90,6.0
2016-07-23,24.8,16.2,0.10,1.0,54905.21,13.4
2016-07-24,22.6,14.6,0.40,3.0,30959.05,19.3
2016-07-25,22.1,14.9,0.00,0.0,32464.01,17.3
2016-07-26,21.1,12.7,0.00,0.0,34704.09,15.4
2016-07-27,21.4,16.7,1.70,9.0,20454.17,21.0
2016-07-28,22.5,14.6,0.70,3.0,37484.02,20.6
2016-07-29,21.5,16.1,1.70,9.0,33032.17,18.7
2016-07-30,22.1,14.9,0.00,0.0,47739.98,9.9
2016-07-31,20.4,14.0,0.30,2.0,45253.26,14.3
2016-08-01,17.9,11.8,8.80,10.0,10087.79,16.2
2016-08-02,19.8,14.5,12.30,8.0,0.00,21.8
2016-08-03,21.7,16.8,0.00,0.0,39352.95,28.0
2016-08-04,20.8,14.9,0.40,3.0,48927.40,25.4
2016-08-05,22.3,12.9,0.10,1.0,48573.33,14.0
2016-08-06,23.8,12.7,0.00,0.0,51024.07,16.1
2016-08-07,22.9,16.3,0.00,0.0,33072.79,25.0
2016-08-08,19.4,14.3,0.00,0.0,44425.43,22.2
2016-08-09,18.6,11.1,0.00,0.0,44785.90,17.0
2016-08-10,18.2,10.6,0.10,1.0,42249.08,16.6
2016-08-11,20.0,14.1,0.80,2.0,10483.72,22.3
2016-08-12,24.1,16.1,0.00,0.0,47793.88,20.1
2016-08-13,23.1,13.9,0.10,1.0,42197.57,20.3
2016-08-14,22.1,13.9,0.00,0.0,44515.61,10.0
2016-08-15,21.7,11.8,0.00,0.0,50400.00,14.3
2016-08-16,21.6,12.6,0.00,0.0,50198.16,15.6
2016-08-17,23.5,13.0,0.00,0.0,50400.00,14.4
2016-08-18,22.8,13.6,1.50,6.0,44204.00,11.7
2016-08-19,19.1,15.6,2.20,9.0,3600.00,21.0
2016-08-20,19.8,14.7,1.40,4.0,44937.44,36.3
2016-08-21,20.4,15.2,3.70,7.0,32534.46,25.5
2016-08-22,22.8,16.2,1.00,2.0,30671.96,23.6
2016-08-23,27.6,13.2,0.00,0.0,50093.92,18.5
2016-08-24,29.5,17.5,0.80,2.0,39693.46,14.0
2016-08-25,28.2,18.6,1.00,3.0,45039.48,17.1
2016-08-26,24.4,17.8,0.30,2.0,46984.81,10.9
2016-08-27,22.3,15.9,8.30,6.0,34111.95,18.4
2016-08-28,20.9,14.9,1.50,7.0,41707.41,20.2
2016-08-29,21.5,14.6,0.40,3.0,43342.33,9.6
2016-08-30,24.2,12.5,0.00,0.0,48051.84,10.9
2016-08-31,22.3,11.8,0.00,0.0,38557.20,17.1
2016-09-01,22.4,12.7,0.00,0.0,41588.41,13.2
2016-09-02,21.0,13.4,1.30,4.0,17161.47,20.3
2016-09-03,20.3,12.5,2.80,5.0,24203.76,29.4
2016-09-04,20.3,14.7,0.60,3.0,13834.86,27.2
2016-09-05,21.8,14.9,2.40,9.0,0.00,12.8
2016-09-06,23.3,18.4,0.10,1.0,0.00,10.0
2016-09-07,25.1,16.6,0.00,0.0,24061.74,12.8
2016-09-08,21.9,15.6,0.00,0.0,43424.49,23.6
2016-09-09,21.2,14.8,0.20,2.0,26066.40,28.8
2016-09-10,18.9,16.1,7.50,11.0,249.22,25.6
2016-09-11,19.7,11.4,0.00,0.0,43200.00,13.0
2016-09-12,24.2,12.0,0.00,0.0,42395.83,21.0
2016-09-13,29.4,17.1,0.00,0.0,43200.00,16.6
2016-09-14,26.1,17.8,0.00,0.0,43200.00,14.6
2016-09-15,26.5,16.4,2.00,5.0,43200.00,14.2
2016-09-16,17.5,15.0,17.70,17.0,10472.97,22.8
2016-09-17,17.2,13.6,0.20,1.0,133.39,26.8
2016-09-18,19.5,13.7,0.00,0.0,22236.75,12.1
2016-09-19,19.2,14.6,1.60,6.0,14400.00,9.4
2016-09-20,18.1,14.4,0.00,0.0,6494.90,11.1
2016-09-21,21.0,11.9,0.00,0.0,42014.16,14.0
2016-09-22,18.8,12.7,0.40,4.0,36168.13,15.6
2016-09-23,18.4,7.5,0.00,0.0,42625.06,12.8
2016-09-24,21.6,10.8,0.00,0.0,32482.21,24.6
2016-09-25,18.4,11.8,0.00,0.0,36689.97,24.3
2016-09-26,17.0,9.8,0.70,3.0,16749.74,17.9
2016-09-27,19.2,11.8,0.00,0.0,1545.82,24.0
2016-09-28,21.8,11.7,0.00,0.0,29559.95,23.7
2016-09-29,19.1,13.1,0.10,1.0,22839.50,25.8
2016-09-30,17.2,10.7,0.30,2.0,39300.15,19.3
2016-10-01,15.2,9.2,3.20,6.0,25710.40,14.2
2016-10-02,15.8,8.4,0.00,0.0,39067.08,19.2
2016-10-03,16.2,6.1,0.00,0.0,35504.20,9.8
2016-10-04,16.9,10.4,0.00,0.0,38690.99,22.7
2016-10-05,14.9,11.1,0.00,0.0,38822.12,28.0
2016-10-06,13.6,11.0,0.00,0.0,8499.29,22.7
2016-10-07,15.2,10.5,0.10,1.0,20401.14,18.0
2016-10-08,15.2,9.5,0.60,2.0,11474.86,14.2
2016-10-09,14.4,7.5,0.40,3.0,37464.08,17.6
2016-10-10,13.0,5.6,0.00,0.0,37342.86,15.2
2016-10-11,14.0,5.9,0.00,0.0,36816.76,11.9
2016-10-12,14.0,8.9,0.30,2.0,31839.73,19.6
2016-10-13,12.8,7.9,0.50,3.0,32858.99,23.2
2016-10-14,13.9,8.6,0.00,0.0,21914.17,15.5
2016-10-15,16.1,8.8,1.60,2.0,36000.00,16.8
2016-10-16,16.2,10.0,7.50,7.0,23027.61,26.9
2016-10-17,16.2,10.3,0.70,4.0,35804.46,20.4
2016-10-18,13.0,9.3,0.70,5.0,27258.01,23.7
2016-10-19,13.9,8.6,0.00,0.0,33181.41,20.1
2016-10-20,13.5,8.7,0.10,1.0,33603.64,21.3
2016-10-21,12.4,7.0,0.00,0.0,20353.36,18.0
2016-10-22,13.1,5.8,0.00,0.0,33382.83,12.1
2016-10-23,12.5,6.7,0.00,0.0,32074.64,23.9
2016-10-24,12.4,8.7,2.70,10.0,0.00,16.9
2016-10-25,14.8,6.2,0.10,1.0,25200.00,7.8
2016-10-26,14.3,8.5,0.10,1.0,9311.54,17.4
2016-10-27,13.2,6.1,0.00,0.0,15546.45,18.5
2016-10-28,15.7,10.8,0.00,0.0,18242.04,18.5
2016-10-29,16.3,12.2,0.00,0.0,2636.17,7.2
2016-10-30,14.8,10.6,0.00,0.0,4114.40,11.3
2016-10-31,17.4,7.2,0.00,0.0,32400.00,8.4
2016-11-01,12.6,6.8,0.00,0.0,0.00,18.0
2016-11-02,9.9,3.1,0.00,0.0,32311.90,12.7
2016-11-03,10.8,1.4,0.00,0.0,23431.60,13.4
2016-11-04,10.8,5.0,5.70,7.0,4484.29,11.5
2016-11-05,8.4,1.6,0.00,0.0,28404.74,24.8
2016-11-06,7.1,1.6,0.60,3.0,23827.23,25.6
2016-11-07,8.0,2.7,0.00,0.0,31712.31,29.3
2016-11-08,6.4,-1.0,0.60,3.0,25477.27,12.1
2016-11-09,8.1,4.1,13.10,13.0,11922.77,23.1
2016-11-10,10.4,4.7,0.20,1.0,27364.50,21.1
2016-11-11,9.4,1.9,0.00,0.0,31293.49,18.5
2016-11-12,9.6,5.8,10.10,10.0,0.00,22.7
2016-11-13,10.0,5.1,0.00,0.0,29840.60,15.8
2016-11-14,11.8,4.8,1.60,5.0,1140.62,19.1
2016-11-15,13.8,11.8,0.20,1.0,0.00,14.7
2016-11-16,12.6,9.3,0.30,2.0,13376.70,24.9
2016-11-17,11.7,6.7,0.30,3.0,25201.83,33.7
2016-11-18,7.2,3.1,0.00,0.0,29252.49,23.3
2016-11-19,7.6,0.9,1.50,4.0,23556.75,16.3
2016-11-20,9.4,4.4,15.50,11.0,0.00,31.7
2016-11-21,12.2,4.7,13.60,19.0,3384.89,28.3
2016-11-22,10.6,7.0,1.80,8.0,26610.84,30.0
2016-11-23,10.4,2.9,0.00,0.0,13763.64,23.2
2016-11-24,10.5,6.8,0.00,0.0,26925.41,29.2
2016-11-25,9.7,5.5,0.00,0.0,28381.86,25.1
2016-11-26,8.8,2.4,0.00,0.0,28326.49,14.3
2016-11-27,8.4,4.7,0.00,0.0,14537.05,19.6
2016-11-28,7.5,2.1,0.00,0.0,28225.51,17.7
2016-11-29,5.2,-2.0,0.00,0.0,28180.17,10.6
2016-11-30,3.9,-4.0,0.00,0.0,28138.34,8.7
2016-12-01,5.3,-1.8,0.00,0.0,15433.77,10.2
2016-12-02,7.0,-0.3,0.00,0.0,22099.72,9.2
2016-12-03,7.1,2.5,0.00,0.0,25742.80,17.2
2016-12-04,5.4,-0.0,0.00,0.0,28003.62,18.1
2016-12-05,6.7,-1.5,0.00,0.0,25604.45,10.0
2016-12-06,10.3,2.8,0.00,0.0,0.00,11.8
2016-12-07,12.4,9.1,0.00,0.0,20841.58,20.5
2016-12-08,12.8,9.9,0.40,1.0,0.00,21.6
2016-12-09,13.0,9.5,0.00,0.0,13496.49,19.2
2016-12-10,12.4,9.5,5.40,10.0,0.00,26.0
2016-12-11,8.9,4.2,0.00,0.0,26630.43,15.4
2016-12-12,10.5,2.2,1.40,4.0,5744.29,16.4
2016-12-13,11.9,7.5,0.00,0.0,0.00,17.3
2016-12-14,11.5,6.1,0.00,0.0,25145.64,15.5
2016-12-15,10.0,4.8,0.00,0.0,146.39,15.5
2016-12-16,9.9,7.3,0.00,0.0,3277.33,11.4
2016-12-17,8.1,5.5,0.00,0.0,0.00,7.2
2016-12-18,8.2,5.3,0.10,1.0,2041.35,6.1
2016-12-19,6.5,5.0,0.00,0.0,0.00,10.1
2016-12-20,6.3,1.9,0.00,0.0,19000.52,17.7
2016-12-21,10.9,4.3,0.40,4.0,0.00,25.1
2016-12-22,8.7,2.0,0.00,0.0,24249.98,15.8
2016-12-23,11.3,4.3,1.00,3.0,0.00,35.3
2016-12-24,9.5,4.9,0.00,0.0,14785.72,26.3
2016-12-25,11.8,8.5,0.00,0.0,0.00,28.5
2016-12-26,11.5,2.3,0.20,1.0,27457.45,25.6
2016-12-27,5.9,-1.1,0.00,0.0,26417.93,11.9
2016-12-28,5.4,-1.0,0.00,0.0,16734.08,11.8
2016-12-29,6.3,-1.0,0.00,0.0,27592.12,11.4
2016-12-30,5.1,-0.4,0.00,0.0,0.00,9.7
2016-12-31,6.6,2.3,0.20,2.0,0.00,14.3
