variable,role,source,units
month_index,identifier,constructed or source geography/time,identifier
year,identifier,constructed or source geography/time,identifier
survey_wave,identifier,constructed or source geography/time,identifier
month_of_wave,identifier,constructed or source geography/time,identifier
period_start,identifier,constructed or source geography/time,identifier
geography_level,identifier,constructed or source geography/time,identifier
geography_code,identifier,constructed or source geography/time,identifier
geography_name,identifier,constructed or source geography/time,identifier
inner_outer,identifier,constructed or source geography/time,identifier
inactive_rate,outcome,Active Lives / survey-weighted,proportion
fairly_active_rate,outcome,Active Lives / survey-weighted,proportion
active_rate,outcome,Active Lives / survey-weighted,proportion
older_adult_rate,survey composition or measurement control,Active Lives / survey-weighted,proportion
limiting_disability_rate,survey composition or measurement control,Active Lives / survey-weighted,proportion
online_response_rate,survey composition or measurement control,Active Lives / survey-weighted,proportion
effective_n,quality metadata,survey or external source,effective count or percentage points
context_reference_year,identifier,constructed or source geography/time,identifier
adult_population,external socioeconomic/demographic context,ONS/ASHE/APS,"count, proportion, GBP or rate"
population_age_16_34_rate,external socioeconomic/demographic context,ONS/ASHE/APS,"count, proportion, GBP or rate"
population_age_65_plus_rate,external socioeconomic/demographic context,ONS/ASHE/APS,"count, proportion, GBP or rate"
population_female_rate,external socioeconomic/demographic context,ONS/ASHE/APS,"count, proportion, GBP or rate"
net_migration_per_1000,external socioeconomic/demographic context,ONS/ASHE/APS,"count, proportion, GBP or rate"
median_weekly_earnings_gbp,external socioeconomic/demographic context,ONS/ASHE/APS,"count, proportion, GBP or rate"
earnings_relative_to_london,external socioeconomic/demographic context,ONS/ASHE/APS,"count, proportion, GBP or rate"
economic_inactivity_rate,external socioeconomic/demographic context,ONS/ASHE/APS,"count, proportion, GBP or rate"
earnings_confidence_pct,quality metadata,survey or external source,effective count or percentage points
economic_inactivity_confidence_pp,quality metadata,survey or external source,effective count or percentage points
weather_mean_temperature_c,external weather context,Open-Meteo historical weather data,weather-specific
weather_total_precipitation_mm,external weather context,Open-Meteo historical weather data,weather-specific
weather_total_sunshine_hours,external weather context,Open-Meteo historical weather data,weather-specific
weather_mean_max_wind_kmh,external weather context,Open-Meteo historical weather data,weather-specific
weather_wet_day_rate,external weather context,Open-Meteo historical weather data,weather-specific
MONTHS12_RATE_WALKTRAV_B02,activity predictor,Active Lives / survey-weighted,proportion
MONTHS12_RATE_CYCTRAV_B04,activity predictor,Active Lives / survey-weighted,proportion
MONTHS12_RATE_DANCEART_B05,activity predictor,Active Lives / survey-weighted,proportion
MONTHS12_RATE_GARD_B08,activity predictor,Active Lives / survey-weighted,proportion
MONTHS12_RATE_ACTTRAV_C03,activity predictor,Active Lives / survey-weighted,proportion
MONTHS12_RATE_WINTER_C10,activity predictor,Active Lives / survey-weighted,proportion
MONTHS12_RATE_BOWLSBOULES_C12,activity predictor,Active Lives / survey-weighted,proportion
MONTHS12_RATE_GYMTRAMPCHEER_C13,activity predictor,Active Lives / survey-weighted,proportion
MONTHS12_RATE_FOOTBALL_F01,activity predictor,Active Lives / survey-weighted,proportion
MONTHS12_RATE_RUGBYUNION_F03,activity predictor,Active Lives / survey-weighted,proportion
MONTHS12_RATE_RUGBYLEAGUE_F04,activity predictor,Active Lives / survey-weighted,proportion
MONTHS12_RATE_WHEELCHRUGBY_F05,activity predictor,Active Lives / survey-weighted,proportion
MONTHS12_RATE_NETBALL_F06,activity predictor,Active Lives / survey-weighted,proportion
MONTHS12_RATE_BASKETBALL_F07,activity predictor,Active Lives / survey-weighted,proportion
MONTHS12_RATE_WHEELCHBASKETBALL_F08,activity predictor,Active Lives / survey-weighted,proportion
MONTHS12_RATE_HOCKEY_F09,activity predictor,Active Lives / survey-weighted,proportion
MONTHS12_RATE_VOLLEYBALL_F10,activity predictor,Active Lives / survey-weighted,proportion
MONTHS12_RATE_ROUNDERS_F11,activity predictor,Active Lives / survey-weighted,proportion
MONTHS12_RATE_DODGEBALL_F12,activity predictor,Active Lives / survey-weighted,proportion
MONTHS12_RATE_BASESOFTBALL_F13,activity predictor,Active Lives / survey-weighted,proportion
MONTHS12_RATE_LACROSSE_F14,activity predictor,Active Lives / survey-weighted,proportion
MONTHS12_RATE_GOALBALL_F15,activity predictor,Active Lives / survey-weighted,proportion
MONTHS12_RATE_HANDBALL_F16,activity predictor,Active Lives / survey-weighted,proportion
MONTHS12_RATE_TENNIS_G01,activity predictor,Active Lives / survey-weighted,proportion
MONTHS12_RATE_BADMINTON_G02,activity predictor,Active Lives / survey-weighted,proportion
MONTHS12_RATE_TABLETENNIS_G03,activity predictor,Active Lives / survey-weighted,proportion
MONTHS12_RATE_CAVING_H02,activity predictor,Active Lives / survey-weighted,proportion
MONTHS12_RATE_ABSEILING_H03,activity predictor,Active Lives / survey-weighted,proportion
MONTHS12_RATE_ORIENTEERING_H04,activity predictor,Active Lives / survey-weighted,proportion
MONTHS12_RATE_PARKOUR_H05,activity predictor,Active Lives / survey-weighted,proportion
MONTHS12_RATE_GLIDING_H08,activity predictor,Active Lives / survey-weighted,proportion
MONTHS12_RATE_WATERSKIING_H10,activity predictor,Active Lives / survey-weighted,proportion
MONTHS12_RATE_LIFESAVING_H13,activity predictor,Active Lives / survey-weighted,proportion
MONTHS12_RATE_HIGHROPES_H14,activity predictor,Active Lives / survey-weighted,proportion
MONTHS12_RATE_ICESKATING_I02,activity predictor,Active Lives / survey-weighted,proportion
MONTHS12_RATE_FRISBEE_I03,activity predictor,Active Lives / survey-weighted,proportion
MONTHS12_RATE_TENPIN_I04,activity predictor,Active Lives / survey-weighted,proportion
MONTHS12_RATE_CROQUET_I05,activity predictor,Active Lives / survey-weighted,proportion
MONTHS12_RATE_SNOOKER_I06,activity predictor,Active Lives / survey-weighted,proportion
MONTHS12_RATE_POOL_I07,activity predictor,Active Lives / survey-weighted,proportion
MONTHS12_RATE_DARTS_I08,activity predictor,Active Lives / survey-weighted,proportion
MONTHS12_RATE_SKITTLES_I09,activity predictor,Active Lives / survey-weighted,proportion
MONTHS12_RATE_ARCHERY_J01,activity predictor,Active Lives / survey-weighted,proportion
MONTHS12_RATE_FENCING_J03,activity predictor,Active Lives / survey-weighted,proportion
MONTHS12_RATE_TAEKWONDO_J05,activity predictor,Active Lives / survey-weighted,proportion
MONTHS12_RATE_MARTIAL_J07,activity predictor,Active Lives / survey-weighted,proportion
MONTHS12_RATE_SHOOTING_J08,activity predictor,Active Lives / survey-weighted,proportion
MONTHS12_RATE_WRESTLING_J09,activity predictor,Active Lives / survey-weighted,proportion
MONTHS12_RATE_SNOWSPORT_K01,activity predictor,Active Lives / survey-weighted,proportion
MONTHS12_RATE_SLEDDING_K02,activity predictor,Active Lives / survey-weighted,proportion
MONTHS12_RATE_ICEHOCKEY_K03,activity predictor,Active Lives / survey-weighted,proportion
MONTHS12_RATE_TRACKANDFIELD_L02,activity predictor,Active Lives / survey-weighted,proportion
MONTHS12_RATE_FELLRUNNING_L04,activity predictor,Active Lives / survey-weighted,proportion
MONTHS12_RATE_TRIATHLON_L05,activity predictor,Active Lives / survey-weighted,proportion
MONTHS12_RATE_MODPENT_L06,activity predictor,Active Lives / survey-weighted,proportion
MONTHS12_RATE_GOLF_L08,activity predictor,Active Lives / survey-weighted,proportion
MONTHS12_RATE_EQUEST_L09,activity predictor,Active Lives / survey-weighted,proportion
MONTHS12_RATE_BOWLS_L10,activity predictor,Active Lives / survey-weighted,proportion
MONTHS12_RATE_BOCCIA_L11,activity predictor,Active Lives / survey-weighted,proportion
MONTHS12_RATE_BOULES_L12,activity predictor,Active Lives / survey-weighted,proportion
MONTHS12_RATE_GYMNASTICS_L13,activity predictor,Active Lives / survey-weighted,proportion
MONTHS12_RATE_GARDENTRAMP_L14,activity predictor,Active Lives / survey-weighted,proportion
MONTHS12_RATE_CHEERLEADING_L15,activity predictor,Active Lives / survey-weighted,proportion
MONTHS12_RATE_ROLLERSKATING_L16,activity predictor,Active Lives / survey-weighted,proportion
MONTHS12_RATE_SKATEBOARDING_L17,activity predictor,Active Lives / survey-weighted,proportion
MONTHS12_RATE_MOTORSPORTS_L18,activity predictor,Active Lives / survey-weighted,proportion
MONTHS12_RATE_CYC_OLD_M02,activity predictor,Active Lives / survey-weighted,proportion
MONTHS12_RATE_CYCLEISURE_N01,activity predictor,Active Lives / survey-weighted,proportion
MONTHS12_RATE_CYCMOUNTAIN_N02,activity predictor,Active Lives / survey-weighted,proportion
MONTHS12_RATE_CYCBMX_N03,activity predictor,Active Lives / survey-weighted,proportion
MONTHS12_RATE_CYCROAD_N04,activity predictor,Active Lives / survey-weighted,proportion
MONTHS12_RATE_CYCTRACK_N05,activity predictor,Active Lives / survey-weighted,proportion
MONTHS12_RATE_CYCCROSS_N06,activity predictor,Active Lives / survey-weighted,proportion
MONTHS12_RATE_DANCEOTHER_O01,activity predictor,Active Lives / survey-weighted,proportion
MONTHS12_RATE_FOOTBALL11_Q01,activity predictor,Active Lives / survey-weighted,proportion
MONTHS12_RATE_FOOTBALLSMALL_Q02,activity predictor,Active Lives / survey-weighted,proportion
MONTHS12_RATE_FUTSAL_Q03,activity predictor,Active Lives / survey-weighted,proportion
MONTHS12_RATE_FOOTBALLWALK_Q04,activity predictor,Active Lives / survey-weighted,proportion
MONTHS12_RATE_FOOTBALLOTHER_Q05,activity predictor,Active Lives / survey-weighted,proportion
MONTHS12_RATE_CRICKETLONG_Q06,activity predictor,Active Lives / survey-weighted,proportion
MONTHS12_RATE_CRICKETSHORT_Q07,activity predictor,Active Lives / survey-weighted,proportion
MONTHS12_RATE_CRICKETOTH_Q12,activity predictor,Active Lives / survey-weighted,proportion
MONTHS12_RATE_RUGBYUN15_Q13,activity predictor,Active Lives / survey-weighted,proportion
MONTHS12_RATE_RUGBYUNTOUCH_Q14,activity predictor,Active Lives / survey-weighted,proportion
MONTHS12_RATE_RUGBYUN7_Q15,activity predictor,Active Lives / survey-weighted,proportion
MONTHS12_RATE_RUGBYUNTAG_Q16,activity predictor,Active Lives / survey-weighted,proportion
MONTHS12_RATE_RUGBYLEAG13_Q17,activity predictor,Active Lives / survey-weighted,proportion
MONTHS12_RATE_RUGBYLEAGTOUCH_Q18,activity predictor,Active Lives / survey-weighted,proportion
MONTHS12_RATE_RUGBYLEAGTAG_Q19,activity predictor,Active Lives / survey-weighted,proportion
MONTHS12_RATE_ROCKCLIMB_R01,activity predictor,Active Lives / survey-weighted,proportion
MONTHS12_RATE_CLIMBWALL_R02,activity predictor,Active Lives / survey-weighted,proportion
MONTHS12_RATE_ROWINGWATER_R04,activity predictor,Active Lives / survey-weighted,proportion
MONTHS12_RATE_BOXINGTRAD_S01,activity predictor,Active Lives / survey-weighted,proportion
MONTHS12_RATE_KARATE_S02,activity predictor,Active Lives / survey-weighted,proportion
MONTHS12_RATE_JUJITSU_S03,activity predictor,Active Lives / survey-weighted,proportion
MONTHS12_RATE_AIKIDO_S04,activity predictor,Active Lives / survey-weighted,proportion
MONTHS12_RATE_MARTIALCHINESE_S05,activity predictor,Active Lives / survey-weighted,proportion
MONTHS12_RATE_MARTIALOTHER_S06,activity predictor,Active Lives / survey-weighted,proportion
MONTHS12_RATE_AIRGUN_S08,activity predictor,Active Lives / survey-weighted,proportion
MONTHS12_RATE_RIFLE_S09,activity predictor,Active Lives / survey-weighted,proportion
MONTHS12_RATE_SKIING_T01,activity predictor,Active Lives / survey-weighted,proportion
MONTHS12_RATE_SNOWBOARDING_T02,activity predictor,Active Lives / survey-weighted,proportion
MONTHS12_RATE_DIVING_U05,activity predictor,Active Lives / survey-weighted,proportion
MONTHS12_RATE_WATERPOLO_U06,activity predictor,Active Lives / survey-weighted,proportion
MONTHS12_RATE_RUNJOG_U07,activity predictor,Active Lives / survey-weighted,proportion
MONTHS12_RATE_GOLFFULL_U08,activity predictor,Active Lives / survey-weighted,proportion
MONTHS12_RATE_GOLFSHORT_U09,activity predictor,Active Lives / survey-weighted,proportion
MONTHS12_RATE_DRIVINGRANGE_U10,activity predictor,Active Lives / survey-weighted,proportion
MONTHS12_RATE_GOLFADV_U11,activity predictor,Active Lives / survey-weighted,proportion
MONTHS12_RATE_EQUESTHACKING_U12,activity predictor,Active Lives / survey-weighted,proportion
MONTHS12_RATE_EQUESTSCHOOLING_U13,activity predictor,Active Lives / survey-weighted,proportion
MONTHS12_RATE_EQUESTSHOWJUMP_U14,activity predictor,Active Lives / survey-weighted,proportion
MONTHS12_RATE_EQUESTDRESSAGE_U15,activity predictor,Active Lives / survey-weighted,proportion
MONTHS12_RATE_EQUESTEVENTING_U16,activity predictor,Active Lives / survey-weighted,proportion
MONTHS12_RATE_EQUESTOTHER_U17,activity predictor,Active Lives / survey-weighted,proportion
MONTHS12_RATE_BOWLSCARPET_U18,activity predictor,Active Lives / survey-weighted,proportion
MONTHS12_RATE_BOWLSCROWNGREEN_U19,activity predictor,Active Lives / survey-weighted,proportion
MONTHS12_RATE_BOWLSFLATGREEN_U20,activity predictor,Active Lives / survey-weighted,proportion
MONTHS12_RATE_BOWLSSHORTMAT_U23,activity predictor,Active Lives / survey-weighted,proportion
MONTHS12_RATE_GYMNASTICSONLY_U24,activity predictor,Active Lives / survey-weighted,proportion
MONTHS12_RATE_TRAMPOLINING_U25,activity predictor,Active Lives / survey-weighted,proportion
MONTHS12_RATE_KARTING_U26,activity predictor,Active Lives / survey-weighted,proportion
MONTHS12_RATE_MOTORCYCRACE_U27,activity predictor,Active Lives / survey-weighted,proportion
MONTHS12_RATE_MOTORCARRACE_U28,activity predictor,Active Lives / survey-weighted,proportion
DAYS_ANY_RATE_WALKTRAV_B02,activity predictor,Active Lives / survey-weighted,proportion
DAYS_ANY_RATE_CYCTRAV_B04,activity predictor,Active Lives / survey-weighted,proportion
DAYS_ANY_RATE_DANCEART_B05,activity predictor,Active Lives / survey-weighted,proportion
DAYS_ANY_RATE_GARD_B08,activity predictor,Active Lives / survey-weighted,proportion
DAYS_ANY_RATE_ACTTRAV_C03,activity predictor,Active Lives / survey-weighted,proportion
DAYS_ANY_RATE_WINTER_C10,activity predictor,Active Lives / survey-weighted,proportion
DAYS_ANY_RATE_BOWLSBOULES_C12,activity predictor,Active Lives / survey-weighted,proportion
DAYS_ANY_RATE_GYMTRAMPCHEER_C13,activity predictor,Active Lives / survey-weighted,proportion
DAYS_ANY_RATE_FOOTBALL_F01,activity predictor,Active Lives / survey-weighted,proportion
DAYS_ANY_RATE_RUGBYUNION_F03,activity predictor,Active Lives / survey-weighted,proportion
DAYS_ANY_RATE_RUGBYLEAGUE_F04,activity predictor,Active Lives / survey-weighted,proportion
DAYS_ANY_RATE_WHEELCHRUGBY_F05,activity predictor,Active Lives / survey-weighted,proportion
DAYS_ANY_RATE_NETBALL_F06,activity predictor,Active Lives / survey-weighted,proportion
DAYS_ANY_RATE_BASKETBALL_F07,activity predictor,Active Lives / survey-weighted,proportion
DAYS_ANY_RATE_WHEELCHBASKETBALL_F08,activity predictor,Active Lives / survey-weighted,proportion
DAYS_ANY_RATE_HOCKEY_F09,activity predictor,Active Lives / survey-weighted,proportion
DAYS_ANY_RATE_VOLLEYBALL_F10,activity predictor,Active Lives / survey-weighted,proportion
DAYS_ANY_RATE_ROUNDERS_F11,activity predictor,Active Lives / survey-weighted,proportion
DAYS_ANY_RATE_DODGEBALL_F12,activity predictor,Active Lives / survey-weighted,proportion
DAYS_ANY_RATE_BASESOFTBALL_F13,activity predictor,Active Lives / survey-weighted,proportion
DAYS_ANY_RATE_LACROSSE_F14,activity predictor,Active Lives / survey-weighted,proportion
DAYS_ANY_RATE_GOALBALL_F15,activity predictor,Active Lives / survey-weighted,proportion
DAYS_ANY_RATE_HANDBALL_F16,activity predictor,Active Lives / survey-weighted,proportion
DAYS_ANY_RATE_TENNIS_G01,activity predictor,Active Lives / survey-weighted,proportion
DAYS_ANY_RATE_BADMINTON_G02,activity predictor,Active Lives / survey-weighted,proportion
DAYS_ANY_RATE_TABLETENNIS_G03,activity predictor,Active Lives / survey-weighted,proportion
DAYS_ANY_RATE_CAVING_H02,activity predictor,Active Lives / survey-weighted,proportion
DAYS_ANY_RATE_ABSEILING_H03,activity predictor,Active Lives / survey-weighted,proportion
DAYS_ANY_RATE_ORIENTEERING_H04,activity predictor,Active Lives / survey-weighted,proportion
DAYS_ANY_RATE_PARKOUR_H05,activity predictor,Active Lives / survey-weighted,proportion
DAYS_ANY_RATE_GLIDING_H08,activity predictor,Active Lives / survey-weighted,proportion
DAYS_ANY_RATE_WATERSKIING_H10,activity predictor,Active Lives / survey-weighted,proportion
DAYS_ANY_RATE_LIFESAVING_H13,activity predictor,Active Lives / survey-weighted,proportion
DAYS_ANY_RATE_HIGHROPES_H14,activity predictor,Active Lives / survey-weighted,proportion
DAYS_ANY_RATE_ICESKATING_I02,activity predictor,Active Lives / survey-weighted,proportion
DAYS_ANY_RATE_FRISBEE_I03,activity predictor,Active Lives / survey-weighted,proportion
DAYS_ANY_RATE_TENPIN_I04,activity predictor,Active Lives / survey-weighted,proportion
DAYS_ANY_RATE_CROQUET_I05,activity predictor,Active Lives / survey-weighted,proportion
DAYS_ANY_RATE_SNOOKER_I06,activity predictor,Active Lives / survey-weighted,proportion
DAYS_ANY_RATE_POOL_I07,activity predictor,Active Lives / survey-weighted,proportion
DAYS_ANY_RATE_DARTS_I08,activity predictor,Active Lives / survey-weighted,proportion
DAYS_ANY_RATE_SKITTLES_I09,activity predictor,Active Lives / survey-weighted,proportion
DAYS_ANY_RATE_ARCHERY_J01,activity predictor,Active Lives / survey-weighted,proportion
DAYS_ANY_RATE_FENCING_J03,activity predictor,Active Lives / survey-weighted,proportion
DAYS_ANY_RATE_TAEKWONDO_J05,activity predictor,Active Lives / survey-weighted,proportion
DAYS_ANY_RATE_MARTIAL_J07,activity predictor,Active Lives / survey-weighted,proportion
DAYS_ANY_RATE_SHOOTING_J08,activity predictor,Active Lives / survey-weighted,proportion
DAYS_ANY_RATE_WRESTLING_J09,activity predictor,Active Lives / survey-weighted,proportion
DAYS_ANY_RATE_SNOWSPORT_K01,activity predictor,Active Lives / survey-weighted,proportion
DAYS_ANY_RATE_SLEDDING_K02,activity predictor,Active Lives / survey-weighted,proportion
DAYS_ANY_RATE_ICEHOCKEY_K03,activity predictor,Active Lives / survey-weighted,proportion
DAYS_ANY_RATE_TRACKANDFIELD_L02,activity predictor,Active Lives / survey-weighted,proportion
DAYS_ANY_RATE_FELLRUNNING_L04,activity predictor,Active Lives / survey-weighted,proportion
DAYS_ANY_RATE_TRIATHLON_L05,activity predictor,Active Lives / survey-weighted,proportion
DAYS_ANY_RATE_MODPENT_L06,activity predictor,Active Lives / survey-weighted,proportion
DAYS_ANY_RATE_GOLF_L08,activity predictor,Active Lives / survey-weighted,proportion
DAYS_ANY_RATE_EQUEST_L09,activity predictor,Active Lives / survey-weighted,proportion
DAYS_ANY_RATE_BOWLS_L10,activity predictor,Active Lives / survey-weighted,proportion
DAYS_ANY_RATE_BOCCIA_L11,activity predictor,Active Lives / survey-weighted,proportion
DAYS_ANY_RATE_BOULES_L12,activity predictor,Active Lives / survey-weighted,proportion
DAYS_ANY_RATE_GYMNASTICS_L13,activity predictor,Active Lives / survey-weighted,proportion
DAYS_ANY_RATE_GARDENTRAMP_L14,activity predictor,Active Lives / survey-weighted,proportion
DAYS_ANY_RATE_CHEERLEADING_L15,activity predictor,Active Lives / survey-weighted,proportion
DAYS_ANY_RATE_ROLLERSKATING_L16,activity predictor,Active Lives / survey-weighted,proportion
DAYS_ANY_RATE_SKATEBOARDING_L17,activity predictor,Active Lives / survey-weighted,proportion
DAYS_ANY_RATE_MOTORSPORTS_L18,activity predictor,Active Lives / survey-weighted,proportion
DAYS_ANY_RATE_CYC_OLD_M02,activity predictor,Active Lives / survey-weighted,proportion
DAYS_ANY_RATE_CYCLEISURE_N01,activity predictor,Active Lives / survey-weighted,proportion
DAYS_ANY_RATE_CYCMOUNTAIN_N02,activity predictor,Active Lives / survey-weighted,proportion
DAYS_ANY_RATE_CYCBMX_N03,activity predictor,Active Lives / survey-weighted,proportion
DAYS_ANY_RATE_CYCROAD_N04,activity predictor,Active Lives / survey-weighted,proportion
DAYS_ANY_RATE_CYCTRACK_N05,activity predictor,Active Lives / survey-weighted,proportion
DAYS_ANY_RATE_CYCCROSS_N06,activity predictor,Active Lives / survey-weighted,proportion
DAYS_ANY_RATE_DANCEOTHER_O01,activity predictor,Active Lives / survey-weighted,proportion
DAYS_ANY_RATE_FOOTBALL11_Q01,activity predictor,Active Lives / survey-weighted,proportion
DAYS_ANY_RATE_FOOTBALLSMALL_Q02,activity predictor,Active Lives / survey-weighted,proportion
DAYS_ANY_RATE_FUTSAL_Q03,activity predictor,Active Lives / survey-weighted,proportion
DAYS_ANY_RATE_FOOTBALLWALK_Q04,activity predictor,Active Lives / survey-weighted,proportion
DAYS_ANY_RATE_FOOTBALLOTHER_Q05,activity predictor,Active Lives / survey-weighted,proportion
DAYS_ANY_RATE_CRICKETLONG_Q06,activity predictor,Active Lives / survey-weighted,proportion
DAYS_ANY_RATE_CRICKETSHORT_Q07,activity predictor,Active Lives / survey-weighted,proportion
DAYS_ANY_RATE_CRICKETOTH_Q12,activity predictor,Active Lives / survey-weighted,proportion
DAYS_ANY_RATE_RUGBYUN15_Q13,activity predictor,Active Lives / survey-weighted,proportion
DAYS_ANY_RATE_RUGBYUNTOUCH_Q14,activity predictor,Active Lives / survey-weighted,proportion
DAYS_ANY_RATE_RUGBYUN7_Q15,activity predictor,Active Lives / survey-weighted,proportion
DAYS_ANY_RATE_RUGBYUNTAG_Q16,activity predictor,Active Lives / survey-weighted,proportion
DAYS_ANY_RATE_RUGBYLEAG13_Q17,activity predictor,Active Lives / survey-weighted,proportion
DAYS_ANY_RATE_RUGBYLEAGTOUCH_Q18,activity predictor,Active Lives / survey-weighted,proportion
DAYS_ANY_RATE_RUGBYLEAGTAG_Q19,activity predictor,Active Lives / survey-weighted,proportion
DAYS_ANY_RATE_ROCKCLIMB_R01,activity predictor,Active Lives / survey-weighted,proportion
DAYS_ANY_RATE_CLIMBWALL_R02,activity predictor,Active Lives / survey-weighted,proportion
DAYS_ANY_RATE_ROWINGWATER_R04,activity predictor,Active Lives / survey-weighted,proportion
DAYS_ANY_RATE_BOXINGTRAD_S01,activity predictor,Active Lives / survey-weighted,proportion
DAYS_ANY_RATE_KARATE_S02,activity predictor,Active Lives / survey-weighted,proportion
DAYS_ANY_RATE_JUJITSU_S03,activity predictor,Active Lives / survey-weighted,proportion
DAYS_ANY_RATE_AIKIDO_S04,activity predictor,Active Lives / survey-weighted,proportion
DAYS_ANY_RATE_MARTIALCHINESE_S05,activity predictor,Active Lives / survey-weighted,proportion
DAYS_ANY_RATE_MARTIALOTHER_S06,activity predictor,Active Lives / survey-weighted,proportion
DAYS_ANY_RATE_AIRGUN_S08,activity predictor,Active Lives / survey-weighted,proportion
DAYS_ANY_RATE_RIFLE_S09,activity predictor,Active Lives / survey-weighted,proportion
DAYS_ANY_RATE_SKIING_T01,activity predictor,Active Lives / survey-weighted,proportion
DAYS_ANY_RATE_SNOWBOARDING_T02,activity predictor,Active Lives / survey-weighted,proportion
DAYS_ANY_RATE_DIVING_U05,activity predictor,Active Lives / survey-weighted,proportion
DAYS_ANY_RATE_WATERPOLO_U06,activity predictor,Active Lives / survey-weighted,proportion
DAYS_ANY_RATE_RUNJOG_U07,activity predictor,Active Lives / survey-weighted,proportion
DAYS_ANY_RATE_GOLFFULL_U08,activity predictor,Active Lives / survey-weighted,proportion
DAYS_ANY_RATE_GOLFSHORT_U09,activity predictor,Active Lives / survey-weighted,proportion
DAYS_ANY_RATE_DRIVINGRANGE_U10,activity predictor,Active Lives / survey-weighted,proportion
DAYS_ANY_RATE_GOLFADV_U11,activity predictor,Active Lives / survey-weighted,proportion
DAYS_ANY_RATE_EQUESTHACKING_U12,activity predictor,Active Lives / survey-weighted,proportion
DAYS_ANY_RATE_EQUESTSCHOOLING_U13,activity predictor,Active Lives / survey-weighted,proportion
DAYS_ANY_RATE_EQUESTSHOWJUMP_U14,activity predictor,Active Lives / survey-weighted,proportion
DAYS_ANY_RATE_EQUESTDRESSAGE_U15,activity predictor,Active Lives / survey-weighted,proportion
DAYS_ANY_RATE_EQUESTEVENTING_U16,activity predictor,Active Lives / survey-weighted,proportion
DAYS_ANY_RATE_EQUESTOTHER_U17,activity predictor,Active Lives / survey-weighted,proportion
DAYS_ANY_RATE_BOWLSCARPET_U18,activity predictor,Active Lives / survey-weighted,proportion
DAYS_ANY_RATE_BOWLSCROWNGREEN_U19,activity predictor,Active Lives / survey-weighted,proportion
DAYS_ANY_RATE_BOWLSFLATGREEN_U20,activity predictor,Active Lives / survey-weighted,proportion
DAYS_ANY_RATE_BOWLSSHORTMAT_U23,activity predictor,Active Lives / survey-weighted,proportion
DAYS_ANY_RATE_GYMNASTICSONLY_U24,activity predictor,Active Lives / survey-weighted,proportion
DAYS_ANY_RATE_TRAMPOLINING_U25,activity predictor,Active Lives / survey-weighted,proportion
DAYS_ANY_RATE_KARTING_U26,activity predictor,Active Lives / survey-weighted,proportion
DAYS_ANY_RATE_MOTORCYCRACE_U27,activity predictor,Active Lives / survey-weighted,proportion
DAYS_ANY_RATE_MOTORCARRACE_U28,activity predictor,Active Lives / survey-weighted,proportion
DAYS_2PLUS_RATE_WALKTRAV_B02,activity predictor,Active Lives / survey-weighted,proportion
DAYS_2PLUS_RATE_CYCTRAV_B04,activity predictor,Active Lives / survey-weighted,proportion
DAYS_2PLUS_RATE_DANCEART_B05,activity predictor,Active Lives / survey-weighted,proportion
DAYS_2PLUS_RATE_GARD_B08,activity predictor,Active Lives / survey-weighted,proportion
DAYS_2PLUS_RATE_ACTTRAV_C03,activity predictor,Active Lives / survey-weighted,proportion
DAYS_2PLUS_RATE_WINTER_C10,activity predictor,Active Lives / survey-weighted,proportion
DAYS_2PLUS_RATE_BOWLSBOULES_C12,activity predictor,Active Lives / survey-weighted,proportion
DAYS_2PLUS_RATE_GYMTRAMPCHEER_C13,activity predictor,Active Lives / survey-weighted,proportion
DAYS_2PLUS_RATE_FOOTBALL_F01,activity predictor,Active Lives / survey-weighted,proportion
DAYS_2PLUS_RATE_RUGBYUNION_F03,activity predictor,Active Lives / survey-weighted,proportion
DAYS_2PLUS_RATE_RUGBYLEAGUE_F04,activity predictor,Active Lives / survey-weighted,proportion
DAYS_2PLUS_RATE_WHEELCHRUGBY_F05,activity predictor,Active Lives / survey-weighted,proportion
DAYS_2PLUS_RATE_NETBALL_F06,activity predictor,Active Lives / survey-weighted,proportion
DAYS_2PLUS_RATE_BASKETBALL_F07,activity predictor,Active Lives / survey-weighted,proportion
DAYS_2PLUS_RATE_WHEELCHBASKETBALL_F08,activity predictor,Active Lives / survey-weighted,proportion
DAYS_2PLUS_RATE_HOCKEY_F09,activity predictor,Active Lives / survey-weighted,proportion
DAYS_2PLUS_RATE_VOLLEYBALL_F10,activity predictor,Active Lives / survey-weighted,proportion
DAYS_2PLUS_RATE_ROUNDERS_F11,activity predictor,Active Lives / survey-weighted,proportion
DAYS_2PLUS_RATE_DODGEBALL_F12,activity predictor,Active Lives / survey-weighted,proportion
DAYS_2PLUS_RATE_BASESOFTBALL_F13,activity predictor,Active Lives / survey-weighted,proportion
DAYS_2PLUS_RATE_LACROSSE_F14,activity predictor,Active Lives / survey-weighted,proportion
DAYS_2PLUS_RATE_GOALBALL_F15,activity predictor,Active Lives / survey-weighted,proportion
DAYS_2PLUS_RATE_HANDBALL_F16,activity predictor,Active Lives / survey-weighted,proportion
DAYS_2PLUS_RATE_TENNIS_G01,activity predictor,Active Lives / survey-weighted,proportion
DAYS_2PLUS_RATE_BADMINTON_G02,activity predictor,Active Lives / survey-weighted,proportion
DAYS_2PLUS_RATE_TABLETENNIS_G03,activity predictor,Active Lives / survey-weighted,proportion
DAYS_2PLUS_RATE_CAVING_H02,activity predictor,Active Lives / survey-weighted,proportion
DAYS_2PLUS_RATE_ABSEILING_H03,activity predictor,Active Lives / survey-weighted,proportion
DAYS_2PLUS_RATE_ORIENTEERING_H04,activity predictor,Active Lives / survey-weighted,proportion
DAYS_2PLUS_RATE_PARKOUR_H05,activity predictor,Active Lives / survey-weighted,proportion
DAYS_2PLUS_RATE_GLIDING_H08,activity predictor,Active Lives / survey-weighted,proportion
DAYS_2PLUS_RATE_WATERSKIING_H10,activity predictor,Active Lives / survey-weighted,proportion
DAYS_2PLUS_RATE_LIFESAVING_H13,activity predictor,Active Lives / survey-weighted,proportion
DAYS_2PLUS_RATE_HIGHROPES_H14,activity predictor,Active Lives / survey-weighted,proportion
DAYS_2PLUS_RATE_ICESKATING_I02,activity predictor,Active Lives / survey-weighted,proportion
DAYS_2PLUS_RATE_FRISBEE_I03,activity predictor,Active Lives / survey-weighted,proportion
DAYS_2PLUS_RATE_TENPIN_I04,activity predictor,Active Lives / survey-weighted,proportion
DAYS_2PLUS_RATE_CROQUET_I05,activity predictor,Active Lives / survey-weighted,proportion
DAYS_2PLUS_RATE_SNOOKER_I06,activity predictor,Active Lives / survey-weighted,proportion
DAYS_2PLUS_RATE_POOL_I07,activity predictor,Active Lives / survey-weighted,proportion
DAYS_2PLUS_RATE_DARTS_I08,activity predictor,Active Lives / survey-weighted,proportion
DAYS_2PLUS_RATE_SKITTLES_I09,activity predictor,Active Lives / survey-weighted,proportion
DAYS_2PLUS_RATE_ARCHERY_J01,activity predictor,Active Lives / survey-weighted,proportion
DAYS_2PLUS_RATE_FENCING_J03,activity predictor,Active Lives / survey-weighted,proportion
DAYS_2PLUS_RATE_TAEKWONDO_J05,activity predictor,Active Lives / survey-weighted,proportion
DAYS_2PLUS_RATE_MARTIAL_J07,activity predictor,Active Lives / survey-weighted,proportion
DAYS_2PLUS_RATE_SHOOTING_J08,activity predictor,Active Lives / survey-weighted,proportion
DAYS_2PLUS_RATE_WRESTLING_J09,activity predictor,Active Lives / survey-weighted,proportion
DAYS_2PLUS_RATE_SNOWSPORT_K01,activity predictor,Active Lives / survey-weighted,proportion
DAYS_2PLUS_RATE_SLEDDING_K02,activity predictor,Active Lives / survey-weighted,proportion
DAYS_2PLUS_RATE_ICEHOCKEY_K03,activity predictor,Active Lives / survey-weighted,proportion
DAYS_2PLUS_RATE_TRACKANDFIELD_L02,activity predictor,Active Lives / survey-weighted,proportion
DAYS_2PLUS_RATE_FELLRUNNING_L04,activity predictor,Active Lives / survey-weighted,proportion
DAYS_2PLUS_RATE_TRIATHLON_L05,activity predictor,Active Lives / survey-weighted,proportion
DAYS_2PLUS_RATE_MODPENT_L06,activity predictor,Active Lives / survey-weighted,proportion
DAYS_2PLUS_RATE_GOLF_L08,activity predictor,Active Lives / survey-weighted,proportion
DAYS_2PLUS_RATE_EQUEST_L09,activity predictor,Active Lives / survey-weighted,proportion
DAYS_2PLUS_RATE_BOWLS_L10,activity predictor,Active Lives / survey-weighted,proportion
DAYS_2PLUS_RATE_BOCCIA_L11,activity predictor,Active Lives / survey-weighted,proportion
DAYS_2PLUS_RATE_BOULES_L12,activity predictor,Active Lives / survey-weighted,proportion
DAYS_2PLUS_RATE_GYMNASTICS_L13,activity predictor,Active Lives / survey-weighted,proportion
DAYS_2PLUS_RATE_GARDENTRAMP_L14,activity predictor,Active Lives / survey-weighted,proportion
DAYS_2PLUS_RATE_CHEERLEADING_L15,activity predictor,Active Lives / survey-weighted,proportion
DAYS_2PLUS_RATE_ROLLERSKATING_L16,activity predictor,Active Lives / survey-weighted,proportion
DAYS_2PLUS_RATE_SKATEBOARDING_L17,activity predictor,Active Lives / survey-weighted,proportion
DAYS_2PLUS_RATE_MOTORSPORTS_L18,activity predictor,Active Lives / survey-weighted,proportion
DAYS_2PLUS_RATE_CYC_OLD_M02,activity predictor,Active Lives / survey-weighted,proportion
DAYS_2PLUS_RATE_CYCLEISURE_N01,activity predictor,Active Lives / survey-weighted,proportion
DAYS_2PLUS_RATE_CYCMOUNTAIN_N02,activity predictor,Active Lives / survey-weighted,proportion
DAYS_2PLUS_RATE_CYCBMX_N03,activity predictor,Active Lives / survey-weighted,proportion
DAYS_2PLUS_RATE_CYCROAD_N04,activity predictor,Active Lives / survey-weighted,proportion
DAYS_2PLUS_RATE_CYCTRACK_N05,activity predictor,Active Lives / survey-weighted,proportion
DAYS_2PLUS_RATE_CYCCROSS_N06,activity predictor,Active Lives / survey-weighted,proportion
DAYS_2PLUS_RATE_DANCEOTHER_O01,activity predictor,Active Lives / survey-weighted,proportion
DAYS_2PLUS_RATE_FOOTBALL11_Q01,activity predictor,Active Lives / survey-weighted,proportion
DAYS_2PLUS_RATE_FOOTBALLSMALL_Q02,activity predictor,Active Lives / survey-weighted,proportion
DAYS_2PLUS_RATE_FUTSAL_Q03,activity predictor,Active Lives / survey-weighted,proportion
DAYS_2PLUS_RATE_FOOTBALLWALK_Q04,activity predictor,Active Lives / survey-weighted,proportion
DAYS_2PLUS_RATE_FOOTBALLOTHER_Q05,activity predictor,Active Lives / survey-weighted,proportion
DAYS_2PLUS_RATE_CRICKETLONG_Q06,activity predictor,Active Lives / survey-weighted,proportion
DAYS_2PLUS_RATE_CRICKETSHORT_Q07,activity predictor,Active Lives / survey-weighted,proportion
DAYS_2PLUS_RATE_CRICKETOTH_Q12,activity predictor,Active Lives / survey-weighted,proportion
DAYS_2PLUS_RATE_RUGBYUN15_Q13,activity predictor,Active Lives / survey-weighted,proportion
DAYS_2PLUS_RATE_RUGBYUNTOUCH_Q14,activity predictor,Active Lives / survey-weighted,proportion
DAYS_2PLUS_RATE_RUGBYUN7_Q15,activity predictor,Active Lives / survey-weighted,proportion
DAYS_2PLUS_RATE_RUGBYUNTAG_Q16,activity predictor,Active Lives / survey-weighted,proportion
DAYS_2PLUS_RATE_RUGBYLEAG13_Q17,activity predictor,Active Lives / survey-weighted,proportion
DAYS_2PLUS_RATE_RUGBYLEAGTOUCH_Q18,activity predictor,Active Lives / survey-weighted,proportion
DAYS_2PLUS_RATE_RUGBYLEAGTAG_Q19,activity predictor,Active Lives / survey-weighted,proportion
DAYS_2PLUS_RATE_ROCKCLIMB_R01,activity predictor,Active Lives / survey-weighted,proportion
DAYS_2PLUS_RATE_CLIMBWALL_R02,activity predictor,Active Lives / survey-weighted,proportion
DAYS_2PLUS_RATE_ROWINGWATER_R04,activity predictor,Active Lives / survey-weighted,proportion
DAYS_2PLUS_RATE_BOXINGTRAD_S01,activity predictor,Active Lives / survey-weighted,proportion
DAYS_2PLUS_RATE_KARATE_S02,activity predictor,Active Lives / survey-weighted,proportion
DAYS_2PLUS_RATE_JUJITSU_S03,activity predictor,Active Lives / survey-weighted,proportion
DAYS_2PLUS_RATE_AIKIDO_S04,activity predictor,Active Lives / survey-weighted,proportion
DAYS_2PLUS_RATE_MARTIALCHINESE_S05,activity predictor,Active Lives / survey-weighted,proportion
DAYS_2PLUS_RATE_MARTIALOTHER_S06,activity predictor,Active Lives / survey-weighted,proportion
DAYS_2PLUS_RATE_AIRGUN_S08,activity predictor,Active Lives / survey-weighted,proportion
DAYS_2PLUS_RATE_RIFLE_S09,activity predictor,Active Lives / survey-weighted,proportion
DAYS_2PLUS_RATE_SKIING_T01,activity predictor,Active Lives / survey-weighted,proportion
DAYS_2PLUS_RATE_SNOWBOARDING_T02,activity predictor,Active Lives / survey-weighted,proportion
DAYS_2PLUS_RATE_DIVING_U05,activity predictor,Active Lives / survey-weighted,proportion
DAYS_2PLUS_RATE_WATERPOLO_U06,activity predictor,Active Lives / survey-weighted,proportion
DAYS_2PLUS_RATE_RUNJOG_U07,activity predictor,Active Lives / survey-weighted,proportion
DAYS_2PLUS_RATE_GOLFFULL_U08,activity predictor,Active Lives / survey-weighted,proportion
DAYS_2PLUS_RATE_GOLFSHORT_U09,activity predictor,Active Lives / survey-weighted,proportion
DAYS_2PLUS_RATE_DRIVINGRANGE_U10,activity predictor,Active Lives / survey-weighted,proportion
DAYS_2PLUS_RATE_GOLFADV_U11,activity predictor,Active Lives / survey-weighted,proportion
DAYS_2PLUS_RATE_EQUESTHACKING_U12,activity predictor,Active Lives / survey-weighted,proportion
DAYS_2PLUS_RATE_EQUESTSCHOOLING_U13,activity predictor,Active Lives / survey-weighted,proportion
DAYS_2PLUS_RATE_EQUESTSHOWJUMP_U14,activity predictor,Active Lives / survey-weighted,proportion
DAYS_2PLUS_RATE_EQUESTDRESSAGE_U15,activity predictor,Active Lives / survey-weighted,proportion
DAYS_2PLUS_RATE_EQUESTEVENTING_U16,activity predictor,Active Lives / survey-weighted,proportion
DAYS_2PLUS_RATE_EQUESTOTHER_U17,activity predictor,Active Lives / survey-weighted,proportion
DAYS_2PLUS_RATE_BOWLSCARPET_U18,activity predictor,Active Lives / survey-weighted,proportion
DAYS_2PLUS_RATE_BOWLSCROWNGREEN_U19,activity predictor,Active Lives / survey-weighted,proportion
DAYS_2PLUS_RATE_BOWLSFLATGREEN_U20,activity predictor,Active Lives / survey-weighted,proportion
DAYS_2PLUS_RATE_BOWLSSHORTMAT_U23,activity predictor,Active Lives / survey-weighted,proportion
DAYS_2PLUS_RATE_GYMNASTICSONLY_U24,activity predictor,Active Lives / survey-weighted,proportion
DAYS_2PLUS_RATE_TRAMPOLINING_U25,activity predictor,Active Lives / survey-weighted,proportion
DAYS_2PLUS_RATE_KARTING_U26,activity predictor,Active Lives / survey-weighted,proportion
DAYS_2PLUS_RATE_MOTORCYCRACE_U27,activity predictor,Active Lives / survey-weighted,proportion
DAYS_2PLUS_RATE_MOTORCARRACE_U28,activity predictor,Active Lives / survey-weighted,proportion
