calendar_year,geography_code,geography_name,adult_population,population_age_16_34_rate,population_age_65_plus_rate,population_female_rate,net_migration_per_1000,median_weekly_earnings_gbp,earnings_relative_to_london,economic_inactivity_rate,earnings_confidence_pct,economic_inactivity_confidence_pp
2015,E09000002,Barking and Dagenham,150964,0.38356826793142734,0.12801727564187487,0.5229988606555205,7.711310244611286,436.6,0.8210118114443056,0.26,5.4,3.7
2016,E09000002,Barking and Dagenham,153871,0.3785768598371363,0.1260536423367626,0.5255441246238732,2.9140428435372216,462.2,0.857775698242727,0.275,4.5,3.7
2017,E09000002,Barking and Dagenham,156093,0.37493032999557957,0.12358657979537839,0.5254239459809217,-4.58842054603139,461.0,0.8239741689533082,0.247,5.1,3.7
2018,E09000002,Barking and Dagenham,158220,0.3713816205283782,0.12090127670332448,0.5243395272405511,-6.842411857714819,479.1,0.8364207698409309,0.27399999999999997,4.9,4.1
2019,E09000002,Barking and Dagenham,160847,0.3698981019229454,0.11873395214085435,0.52326123583281,-4.38243734805418,471.0,0.7948991378381518,0.257,6.1,4.3
2020,E09000002,Barking and Dagenham,161274,0.36292892840755486,0.11828317025683,0.5227749048203678,-12.101611571567371,486.7,0.8159475453598316,0.258,6.5,5.8
2021,E09000002,Barking and Dagenham,161833,0.3603962109087763,0.11824535168970482,0.5226746090105232,-14.091461909159907,508.7,0.8220692757525633,0.316,7.4,6.0
2022,E09000002,Barking and Dagenham,163328,0.36114444553291536,0.11910388910658307,0.5230089145768025,-1.8194852807724418,536.6,0.8304184355810585,0.248,5.1,6.0
2023,E09000002,Barking and Dagenham,168594,0.36946747808344305,0.11613106041733395,0.5200778200884967,16.893429547372747,558.4,0.8072076144453288,0.252,4.5,5.8
2015,E09000003,Barnet,299227,0.3450958636754036,0.1734569407172481,0.5202104088200596,2.0988497350632302,491.0,0.9233092061822127,0.247,4.9,3.7
2016,E09000003,Barnet,303510,0.3418305821883958,0.17411946888076174,0.521712628908438,4.39511653718091,485.6,0.9012026808019651,0.275,5.4,4.0
2017,E09000003,Barnet,304060,0.33363152009471814,0.17568900874827337,0.5230250608432546,-5.3759661769721205,522.6,0.9340757064967438,0.231,4.5,3.7
2018,E09000003,Barnet,306985,0.3287261592585957,0.17674479209081878,0.5228985129566591,0.376702255569259,536.6,0.9368052287552568,0.242,4.6,3.9
2019,E09000003,Barnet,309994,0.32534823254643636,0.17768085833919367,0.5232230301231636,-0.15873422258634373,536.4,0.9052736678054876,0.217,4.4,4.1
2020,E09000003,Barnet,310550,0.3197617130896796,0.17923039768153276,0.5235904041217195,-5.34463976105113,538.8,0.9032926596258007,0.209,4.1,4.4
2021,E09000003,Barnet,309289,0.3127915962093705,0.18289043580599373,0.5244221423975635,-11.59260068645473,574.9,0.9290497869670702,0.239,5.8,4.3
2022,E09000003,Barnet,309264,0.30723588907858657,0.18627774328728852,0.5251241657612913,-2.0083459068424654,624.3,0.9661390781462073,0.243,4.6,5.0
2023,E09000003,Barnet,315506,0.3106533631690047,0.18724525048652008,0.5242214094185214,14.596010457293108,633.1,0.9151918708906478,0.264,4.4,6.5
2015,E09000004,Bexley,191596,0.3026472368942984,0.2081776237499739,0.5268272824067308,4.970446553202417,491.1,0.9234972528637162,0.187,4.8,3.6
2016,E09000004,Bexley,193677,0.3022145117902487,0.2071696690882242,0.5268927131254615,6.040835061432915,487.0,0.9038008763396972,0.185,5.6,3.5
2017,E09000004,Bexley,194245,0.2986125769003063,0.20782516924502561,0.5259903729825736,-2.26999435568971,513.0,0.9169170253211434,0.213,4.6,3.5
2018,E09000004,Bexley,194761,0.2950025929215808,0.20798825226816456,0.5268919342168094,-1.0112377876726852,512.7,0.8950802101804327,0.21100000000000002,5.4,3.6
2019,E09000004,Bexley,195846,0.2935367584734945,0.2084597081380268,0.5269293220183205,1.5083812474150724,553.4,0.933964294861217,0.20800000000000002,5.1,3.6
2020,E09000004,Bexley,196140,0.2903487304986234,0.20851432650147853,0.5265932497195881,-1.3971910385381736,566.5,0.9497314247921607,0.177,7.6,3.9
2021,E09000004,Bexley,196129,0.2890852449153363,0.20920414625068195,0.5265819945036175,-3.827487359966266,586.6,0.9479572187073986,0.217,5.8,4.1
2022,E09000004,Bexley,196925,0.2869823536879523,0.2106588802843722,0.5267030595404342,1.9364599092284418,634.4,0.9817693916001184,0.147,5.2,4.4
2023,E09000004,Bexley,200461,0.28906869665421203,0.208683983418221,0.5261771616424142,15.436848534847933,680.2,0.9832783297738408,0.187,4.8,5.6
2015,E09000005,Brent,267916,0.39627345884530973,0.13276176114901686,0.5034003195031278,2.8843432010846084,457.6,0.8605016145600418,0.249,4.1,3.1
2016,E09000005,Brent,270840,0.38930734012701224,0.13349579087284005,0.5061807709348694,-2.3680211119096146,467.0,0.8666837972292374,0.248,4.2,3.4
2017,E09000005,Brent,273233,0.382446483404274,0.13525818623665517,0.5068458055944927,-5.1279205931567375,471.0,0.8418477951778919,0.258,4.7,3.4
2018,E09000005,Brent,276406,0.3783275326874236,0.13692901022409065,0.5094679565566594,-3.1253798204642926,479.9,0.8378174231823476,0.247,3.9,3.8
2019,E09000005,Brent,279142,0.37660760473164195,0.13819847962685658,0.5112165134590997,-6.40715667311412,524.0,0.8843463868942496,0.23,4.0,4.8
2020,E09000005,Brent,276930,0.3686527281262413,0.14119091467157766,0.5135160509876142,-19.805923462446366,531.8,0.891557231605421,0.267,6.3,5.9
2021,E09000005,Brent,274588,0.3621170626538669,0.14527583142744765,0.5147930718021181,-22.172569919351034,555.7,0.8980222066752496,0.239,5.2,5.9
2022,E09000005,Brent,276336,0.36785290371142376,0.14723018354467027,0.5178623125470442,-0.7379101330873633,556.6,0.8613695513313776,0.23199999999999998,4.0,7.1
2023,E09000005,Brent,282958,0.3796146424557708,0.1472232628163897,0.5180450808953979,13.774870896427537,634.6,0.9173602294538068,0.29100000000000004,3.8,8.4
2015,E09000006,Bromley,261757,0.27842999423129083,0.2167506504124054,0.5272256329343628,7.597043478794913,583.8,1.0978165266174658,0.201,4.0,3.2
2016,E09000006,Bromley,262813,0.2726996000958857,0.21812086921118817,0.5282995894419226,1.2938623928520205,584.3,1.0843754662120844,0.191,4.6,3.4
2017,E09000006,Bromley,263570,0.2687976628599613,0.2182911560496263,0.5284440566073528,-0.17622001980956084,608.0,1.0867164744546884,0.182,4.8,3.5
2018,E09000006,Bromley,264167,0.2655971412023455,0.2183580840907456,0.5284157370148429,-0.5206331140822177,632.7,1.104578211392939,0.183,4.3,3.5
2019,E09000006,Bromley,265346,0.2637348970777777,0.2192156655838038,0.5283780422542642,-1.4281745935892172,638.3,1.077248661745419,0.191,5.0,3.5
2020,E09000006,Bromley,265671,0.2610710239356196,0.21893620304813097,0.5289286372995171,-2.632476671486836,613.2,1.0280234945852655,0.19699999999999998,7.0,3.9
2021,E09000006,Bromley,265195,0.2592394275910179,0.22006825166386998,0.5290107279549011,-6.771769541586971,666.6,1.0772388032566516,0.14400000000000002,5.5,3.7
2022,E09000006,Bromley,265233,0.25520957045314874,0.2214882763457036,0.5300660174261875,-3.112781499105871,704.2,1.0897887855687318,0.158,4.8,4.2
2023,E09000006,Bromley,267404,0.2536012924264409,0.2218702786794513,0.5293712883876083,5.642410716971145,718.0,1.037920965565448,0.17800000000000002,6.3,5.0
2015,E09000007,Camden,185003,0.43105246941941483,0.13640319346172763,0.5159754166148657,10.871728980419125,588.1,1.1059025339221167,0.27899999999999997,6.4,3.9
2016,E09000007,Camden,185120,0.42872191011235955,0.13619273984442523,0.5172374675885912,11.365281598378457,632.5,1.1738276268682926,0.268,5.7,3.9
2017,E09000007,Camden,183471,0.4233857121833968,0.1374386142769157,0.5198532738143903,0.6991632889006686,614.3,1.097976858976176,0.289,4.1,4.1
2018,E09000007,Camden,183304,0.42304586915724696,0.13750381879282503,0.5234746650373151,7.769084275979166,634.4,1.1075460997434494,0.244,6.2,4.1
2019,E09000007,Camden,183111,0.42296202849637654,0.1383587004603765,0.5258449792748661,9.408849753150099,662.0,1.1172467712289949,0.258,6.7,4.3
2020,E09000007,Camden,181377,0.4193034397966666,0.1386945423069077,0.5286723233927124,2.5283096178201596,623.0,1.0444530938137973,0.266,7.1,5.3
2021,E09000007,Camden,178637,0.4185862951124347,0.14002138414774096,0.5334169293035598,-2.0714041940009857,695.0,1.1231337657716365,0.256,5.9,6.9
2022,E09000007,Camden,184773,0.436687178321508,0.137287374237578,0.5378924409951671,24.72487025654238,699.2,1.082051006631152,0.254,5.6,5.9
2023,E09000007,Camden,185365,0.4368570118415019,0.139244193887735,0.5399455129069674,-4.4974336547978,732.1,1.0583035360591426,0.254,6.1,6.8
2015,E09000008,Croydon,299098,0.3347397842847495,0.16362530006887374,0.5243866558786752,-1.9067502104768974,492.2,0.9255657663602547,0.213,3.8,3.4
2016,E09000008,Croydon,301529,0.33034633484673115,0.1646143488685997,0.5261881941703783,-2.411663397349512,512.3,0.9507539814144289,0.183,3.7,3.2
2017,E09000008,Croydon,302707,0.3241451304396661,0.16714182361161123,0.5262217259594261,-7.05454564316967,538.5,0.9624947721938318,0.196,3.9,3.2
2018,E09000008,Croydon,304478,0.3207588068760305,0.16837669716695458,0.5267145737951511,-5.736448931392587,550.6,0.9612466622300493,0.209,3.7,3.6
2019,E09000008,Croydon,308234,0.3206524912890856,0.16931616888467851,0.5270216783352907,0.28414690651054797,561.7,0.9479720716001909,0.21,3.8,3.5
2020,E09000008,Croydon,310313,0.31833664719170646,0.17002510368563353,0.527409422099622,-3.876552214863007,565.1,0.9473843391880847,0.18899999999999997,4.8,4.0
2021,E09000008,Croydon,310583,0.31603790291162104,0.17204418786604547,0.5270925968259692,-11.382396830231563,613.3,0.9911049475507117,0.215,4.1,4.1
2022,E09000008,Croydon,313110,0.31531410686340267,0.17405065312509982,0.5261122289291303,1.532218515196406,667.0,1.0322197102731383,0.215,4.5,4.5
2023,E09000008,Croydon,320227,0.3195982849666018,0.1730491182817189,0.5249338750323989,16.35684220209489,678.0,0.9800980705478742,0.177,3.3,4.6
2015,E09000009,Ealing,284847,0.36844340997096686,0.13989264412122998,0.5067843438758352,-3.9315706234825027,495.7,0.9321474002128773,0.226,4.2,3.3
2016,E09000009,Ealing,287513,0.36099585062240663,0.14148925439893154,0.5078622531850734,-7.543564638022106,498.3,0.9247720260371071,0.213,3.6,3.5
2017,E09000009,Ealing,288098,0.35294934362612723,0.1442391130795771,0.508278433033204,-15.024678082002923,517.2,0.9244239483354686,0.205,3.0,3.9
2018,E09000009,Ealing,290068,0.3470599997242026,0.1463967069790532,0.5099942082546162,-11.128256380969116,524.3,0.9153316836309748,0.214,4.4,4.5
2019,E09000009,Ealing,293263,0.3438722239082325,0.14774792592314748,0.5106883582313486,-6.806721773886148,532.2,0.898185395238778,0.23600000000000002,3.9,4.7
2020,E09000009,Ealing,294810,0.33936433635222685,0.1490451477222618,0.5118856212475832,-10.469212036875978,566.8,0.9502343717073197,0.19,4.5,4.7
2021,E09000009,Ealing,295424,0.3361981423310225,0.15160244259098787,0.5123077339688041,-16.36483605171746,582.6,0.9414931394799358,0.193,4.3,4.7
2022,E09000009,Ealing,298583,0.33912513438474395,0.154285408077486,0.5132777150742005,4.1613221176565895,597.4,0.9245098274620283,0.205,3.3,5.8
2023,E09000009,Ealing,306562,0.34918874485422197,0.15392644880970244,0.5125521101767342,17.25724743738842,623.1,0.9007361471362543,0.14800000000000002,3.5,8.1
2015,E09000010,Enfield,255435,0.34159766672539005,0.16408479652357744,0.5281852526082956,3.5905557503294365,473.6,0.8905890836006027,0.244,4.9,3.7
2016,E09000010,Enfield,257541,0.3370259492663304,0.1646068004706047,0.5285954469385457,-3.0453502152747567,463.9,0.8609306499671161,0.253,4.5,3.9
2017,E09000010,Enfield,257292,0.3271963372355145,0.16712528955428074,0.5294684638465246,-10.66720307916788,479.8,0.8575765862555256,0.265,4.4,4.0
2018,E09000010,Enfield,258013,0.32235585028661345,0.16912326123102325,0.5299887990140032,-6.790419161676646,464.8,0.8114555913631073,0.267,4.7,4.2
2019,E09000010,Enfield,259567,0.3200560934171139,0.17078442174852734,0.5304564910023231,-5.248380580693478,490.1,0.8271339011772362,0.287,4.6,4.7
2020,E09000010,Enfield,258562,0.3148529172886967,0.17277094081883648,0.5316597179786666,-12.901134327282987,492.6,0.8258388346912946,0.27399999999999997,5.3,5.3
2021,E09000010,Enfield,257495,0.31149731062739083,0.17599565040097867,0.5319093574632517,-15.614958347985304,521.5,0.8427543292804438,0.258,5.0,4.9
2022,E09000010,Enfield,255328,0.30772183230981326,0.18002334252412583,0.5332239315703722,-14.947975782198876,562.0,0.8697263525839637,0.247,5.5,5.8
2023,E09000010,Enfield,256844,0.3086659606609459,0.1828230365513697,0.5326034480073507,-1.3292115580432542,598.2,0.8647413949878148,0.297,4.7,7.8
2015,E09000011,Greenwich,215035,0.38383984002604227,0.13142976724719233,0.5131862254981747,7.398898734638807,532.5,1.0013485790061674,0.213,4.2,3.7
2016,E09000011,Greenwich,218591,0.37855172445343127,0.1305680471748608,0.5154786793600834,2.3101647247890718,539.3,1.0008620382135496,0.21100000000000002,4.5,3.9
2017,E09000011,Greenwich,221526,0.37484990475158675,0.12995765734044762,0.515172033982467,0.1912343825254271,553.0,0.9884115302194781,0.218,3.4,3.6
2018,E09000011,Greenwich,224650,0.37072779879813045,0.12965501891831738,0.5156020476296461,-0.2449496628442855,566.0,0.9881322390523208,0.242,3.3,4.0
2019,E09000011,Greenwich,227377,0.3679307933520101,0.1301758753084085,0.5167541132128579,-1.991637896636075,579.5,0.9780128458114841,0.193,5.0,3.5
2020,E09000011,Greenwich,227986,0.3625485775442352,0.13095979577693367,0.5183037554937584,-7.569768086995118,573.1,0.9607962569256616,0.19699999999999998,6.4,4.4
2021,E09000011,Greenwich,230358,0.363013222896535,0.13227237604077133,0.5191658201581886,-3.906236508632748,618.3,0.9991850465850399,0.17300000000000001,5.1,4.0
2022,E09000011,Greenwich,233381,0.36499972148546794,0.13232868142650858,0.5190096880208758,1.8879475752528379,657.4,1.0173631747129852,0.209,4.5,4.8
2023,E09000011,Greenwich,237826,0.3668354174900978,0.1325506883183504,0.5181813594813015,6.780918966331557,719.4,1.0399447668910629,0.139,3.8,4.3
2015,E09000012,Hackney,208076,0.4703377612026375,0.08902996981872008,0.5177627405371115,7.616567848539108,534.5,1.0051095126362375,0.267,4.2,3.6
2016,E09000012,Hackney,210528,0.46331604347165223,0.08928978568171454,0.5195698434412525,5.492804614710901,527.8,0.9795197177250352,0.252,3.9,3.6
2017,E09000012,Hackney,210667,0.4552730138085225,0.09008530049794225,0.5223361988351284,-4.984254287591472,558.1,0.9975270795940159,0.252,4.1,3.8
2018,E09000012,Hackney,212143,0.4490791588692533,0.0914807464776118,0.5245094111047737,0.18782164456631983,555.4,0.9696265822785495,0.257,3.7,3.9
2019,E09000012,Hackney,212565,0.44519088278879404,0.09332204266930115,0.5256509773481053,-5.75942819524123,574.9,0.9702494996669925,0.242,5.0,3.9
2020,E09000012,Hackney,211844,0.4403098506448141,0.0954523139668813,0.5275674552972942,-10.702019091522546,574.9,0.9638139384166163,0.228,5.7,4.9
2021,E09000012,Hackney,210302,0.4450409411227663,0.09857252902968112,0.5292246388526975,-13.941756830538061,576.8,0.9321202246001149,0.139,5.9,5.0
2022,E09000012,Hackney,212636,0.4512218062792754,0.09989371508117158,0.5307991120976693,-2.704209858907469,632.8,0.9792933023400928,0.19,6.4,5.6
2023,E09000012,Hackney,216790,0.4576271968264219,0.10077494349370358,0.5310346418192721,5.274837892928327,667.7,0.9652086750808491,0.138,5.6,6.3
2015,E09000013,Hammersmith and Fulham,157504,0.44916319585534337,0.11353362454286875,0.5223232425843153,-3.5034126229665787,646.7,1.2160978892831709,0.19,4.1,3.4
2016,E09000013,Hammersmith and Fulham,157584,0.44195476698141944,0.11470073103868413,0.5227434257285004,-6.502304344115388,641.9,1.1912726540502088,0.214,4.6,3.7
2017,E09000013,Hammersmith and Fulham,157503,0.43651232040024635,0.11659460454721497,0.5242757280813699,-6.062220328148306,651.1,1.1637518034826442,0.209,4.1,3.9
2018,E09000013,Hammersmith and Fulham,158686,0.43399543753072106,0.11709287523789118,0.5265933982834025,0.33855806006231587,682.0,1.1906469735577434,0.18899999999999997,4.2,3.8
2019,E09000013,Hammersmith and Fulham,158550,0.43402712078208766,0.11932513402712078,0.5301986754966888,-7.716294905654373,728.0,1.2286339115630034,0.214,4.4,4.3
2020,E09000013,Hammersmith and Fulham,157183,0.4286341398242813,0.12082731593111214,0.5317050826107149,-11.975020771354293,713.1,1.1955048173332565,0.163,6.4,4.5
2021,E09000013,Hammersmith and Fulham,154843,0.4272069128084576,0.12344762113883094,0.537415317450579,-20.21166330260215,727.0,1.1748463995913376,0.187,5.9,4.8
2022,E09000013,Hammersmith and Fulham,157127,0.43515754771617865,0.12355610429779733,0.539799016082532,7.496421306411512,732.6,1.1337393699341847,0.218,6.8,5.5
2023,E09000013,Hammersmith and Fulham,159011,0.43681883643269964,0.12596612812950048,0.5423083937589224,3.9791123272473183,790.1,1.1421467338346245,0.212,5.0,6.6
2015,E09000014,Haringey,219590,0.40625711553349425,0.11234118129240858,0.5122637642879913,2.586668034498677,500.0,0.9402334075175282,0.242,3.8,3.5
2016,E09000014,Haringey,222909,0.40347406340704056,0.11267378167772499,0.5157575512877453,0.003619752264155041,481.9,0.8943360211665299,0.233,5.1,3.4
2017,E09000014,Haringey,221768,0.3912106345369936,0.1163377944518596,0.5162241621875113,-17.834826552212867,525.3,0.9389015855773812,0.264,5.0,3.4
2018,E09000014,Haringey,222178,0.38540269513633213,0.1186436100784056,0.5191243057368417,-11.019544924154026,551.4,0.9626433155714659,0.226,4.3,3.5
2019,E09000014,Haringey,222450,0.37994605529332437,0.12097100472016184,0.5212901775679928,-10.635110844817255,547.6,0.92417572798338,0.209,5.4,3.9
2020,E09000014,Haringey,219722,0.3680924076787941,0.12448457596417291,0.523174738988358,-22.30516372702516,567.8,0.9519108614245169,0.22,6.3,4.7
2021,E09000014,Haringey,216102,0.3582428667943841,0.12946664075297776,0.5247290631275972,-25.878017683312084,546.0,0.8823468145486526,0.198,6.2,4.3
2022,E09000014,Haringey,214193,0.3565009127282404,0.13320696754795908,0.5267165593646851,-15.621303581376537,604.3,0.9351879623958883,0.195,6.0,4.6
2023,E09000014,Haringey,215698,0.3588304017654313,0.1345028697530807,0.5272788806572152,-1.3707368564941032,668.4,0.9662205757436565,0.22,6.0,5.4
2015,E09000015,Harrow,203596,0.34013438377964206,0.18012632861156408,0.5099658146525472,3.532987607125511,505.1,0.949823788274207,0.225,4.3,3.4
2016,E09000015,Harrow,205292,0.3358971611168482,0.1812345342244218,0.5112863628392729,-4.041707310438098,522.8,0.9702404479474203,0.23199999999999998,4.5,3.8
2017,E09000015,Harrow,205749,0.32904655672688565,0.18362665189138222,0.5107388128253357,-9.612961016903146,543.4,0.9712528490438778,0.183,4.2,3.5
2018,E09000015,Harrow,207401,0.32514790189054055,0.18538483421005686,0.5111884706438252,-3.6134702783411132,534.9,0.9338373404047463,0.19699999999999998,5.0,3.5
2019,E09000015,Harrow,209063,0.32194123302545163,0.18723542664173,0.5108268799357132,-2.3887203556369605,581.9,0.9820632872781753,0.275,4.6,4.9
2020,E09000015,Harrow,209768,0.31748884481903816,0.1893949506121048,0.5114459784142481,-7.278453261959501,570.5,0.9564373836609491,0.215,6.6,5.3
2021,E09000015,Harrow,209821,0.3133146825150962,0.19305503262304535,0.5123605358853499,-11.403015021500313,580.2,0.9376146919434584,0.196,6.1,4.6
2022,E09000015,Harrow,209469,0.31109615265265983,0.19654459609775193,0.5139233012999537,-3.617292721869533,619.6,0.9588655659448824,0.18899999999999997,6.3,5.2
2023,E09000015,Harrow,213756,0.3175162334624525,0.1952085555493179,0.5121961488800314,13.68348876507638,625.2,0.903771849124677,0.19399999999999998,6.7,7.5
2015,E09000016,Havering,202245,0.3006254789982447,0.22607728250389378,0.5256050829439541,10.808587776353669,517.5,0.9731415767806416,0.19399999999999998,4.0,3.5
2016,E09000016,Havering,204905,0.3010370659573949,0.22498230887484444,0.5264634830775238,10.845347699489562,532.6,0.9884278167115458,0.174,4.5,3.5
2017,E09000016,Havering,206926,0.30062437779689355,0.22330205000821549,0.5264104075853203,7.081564237129461,534.2,0.9548091129172609,0.204,5.3,3.6
2018,E09000016,Havering,208007,0.2992110842423572,0.22249251227122163,0.5258380727571669,3.0745016954121644,544.8,0.951120925504778,0.17,3.9,3.3
2019,E09000016,Havering,209311,0.29811620029525443,0.22264477261109067,0.5252375651542441,3.58979854264895,568.5,0.9594483224224827,0.207,4.2,3.7
2020,E09000016,Havering,209600,0.29510019083969463,0.22179866412213742,0.525405534351145,0.23290798988950234,574.9,0.9638139384166163,0.182,5.4,3.8
2021,E09000016,Havering,209766,0.2934603319889782,0.220221580237026,0.5250707931695318,-1.6979159512526423,585.7,0.9465028008812195,0.141,5.3,3.3
2022,E09000016,Havering,211034,0.2914506667172114,0.21995033975567918,0.524512637774008,7.723217994909096,612.9,0.9484969421685254,0.134,4.8,3.6
2023,E09000016,Havering,215051,0.2924515580025203,0.21860395906087393,0.5230852216450982,17.953792937607517,670.7,0.9695453922071671,0.17,6.2,4.6
2015,E09000017,Hillingdon,231427,0.3563456295073609,0.16564618648645146,0.510450379601343,2.61554839784906,498.8,0.937976847339486,0.222,4.1,3.5
2016,E09000017,Hillingdon,233797,0.35087704290474214,0.16561803615957432,0.5111442832884938,0.951417208212445,499.8,0.9275558069703915,0.21100000000000002,3.8,3.7
2017,E09000017,Hillingdon,235184,0.34374362201510306,0.16663973739710183,0.5120161235458195,-3.138889167159205,500.4,0.8943962562781679,0.215,2.9,3.6
2018,E09000017,Hillingdon,237490,0.3392942860752032,0.16691229104383343,0.5122699903153817,0.6153581483674813,531.7,0.9282507270390796,0.21600000000000003,3.4,3.6
2019,E09000017,Hillingdon,240543,0.3350918546787892,0.16777041942604856,0.5107860133115493,2.8726512477056416,545.9,0.9213066652778069,0.24,3.7,4.5
2020,E09000017,Hillingdon,241642,0.3294501783630329,0.16935383749513744,0.5107514422161711,-3.9711544736670366,560.9,0.9403430823758568,0.16899999999999998,6.0,4.8
2021,E09000017,Hillingdon,241286,0.3249546181709672,0.17129879064678433,0.5109620947754946,-10.973199566053877,594.8,0.9612085811236969,0.204,5.8,5.0
2022,E09000017,Hillingdon,246892,0.32964211072047694,0.16967337945336422,0.5085502972959837,16.645203452053742,629.6,0.9743411238200419,0.25,5.2,5.5
2023,E09000017,Hillingdon,255445,0.3387774276262992,0.16630585840396173,0.5065473976785609,24.39615252021107,677.5,0.9793752843601545,0.242,5.8,8.4
2015,E09000018,Hounslow,217830,0.3741036588165083,0.1379470229077721,0.5045677822154891,-3.5405693264557594,495.6,0.9319593535313739,0.22399999999999998,3.4,3.6
2016,E09000018,Hounslow,220208,0.3651411392864928,0.13930465741480783,0.5065301896388869,-7.1320634168578,500.9,0.9295972463214668,0.22399999999999998,3.9,4.1
2017,E09000018,Hounslow,221718,0.35505461893035295,0.14121541778294952,0.5077440712977747,-9.999395269585262,517.0,0.9240664758109769,0.18600000000000003,3.8,3.9
2018,E09000018,Hounslow,225019,0.34826392437971904,0.14277905421319978,0.5078593363227105,-2.280769365518691,533.6,0.9315677787249442,0.182,3.8,4.5
2019,E09000018,Hounslow,228956,0.34469068292597704,0.14371757018815842,0.5067873303167421,-2.168118984160303,547.6,0.92417572798338,0.256,5.0,5.2
2020,E09000018,Hounslow,229365,0.33594925119351254,0.1462908464674209,0.5068253656835175,-13.241399302212422,511.8,0.858027437261479,0.203,5.7,5.3
2021,E09000018,Hounslow,228965,0.3272377874347608,0.1496735308890005,0.5079728342759811,-19.530545106258934,567.2,0.9166064344542046,0.21,5.4,5.0
2022,E09000018,Hounslow,229853,0.32440298799667616,0.15213201480946517,0.5085946235202499,-2.503492441112602,604.1,0.9348784512383852,0.233,5.4,5.1
2023,E09000018,Hounslow,235196,0.3297590095069644,0.15161397302675217,0.5069303899726186,13.599981031159707,637.9,0.9221306182927566,0.18100000000000002,4.4,7.9
2015,E09000019,Islington,184691,0.4791895652738899,0.10421189987600912,0.5159645028723652,15.761380037112552,603.7,1.1352378162366636,0.23600000000000002,5.3,3.7
2016,E09000019,Islington,186938,0.4775915009254405,0.10423241930479624,0.5168023622805422,12.904541745988578,613.3,1.1381952309222512,0.248,4.8,3.8
2017,E09000019,Islington,187627,0.47245332494790193,0.10463312849429986,0.5194295064143221,5.832035570000226,646.1,1.1548149903703524,0.203,4.5,3.6
2018,E09000019,Islington,187601,0.46672992148229486,0.10582566191011775,0.5227264246992287,2.813238023418062,687.7,1.2005981286153375,0.19699999999999998,5.7,3.9
2019,E09000019,Islington,188432,0.46492633947524836,0.10657956185785854,0.5232869151736436,8.473201978431849,699.1,1.1798598455682632,0.195,4.2,3.9
2020,E09000019,Islington,187513,0.45748828081253035,0.1076778676678417,0.5257235498338781,2.289406292700142,690.1,1.1569455538377231,0.215,8.2,5.1
2021,E09000019,Islington,184051,0.4523583137282601,0.1111811400101059,0.5279677915360417,-10.094448283805574,670.7,1.0838644844648009,0.214,6.9,4.7
2022,E09000019,Islington,187065,0.4618555047710689,0.11050704300644161,0.5313179910726218,5.655938735672456,701.4,1.085455629363687,0.19399999999999998,5.7,5.3
2023,E09000019,Islington,190025,0.46848046309696095,0.11024865149322458,0.5334403367977898,6.863578506114702,766.6,1.1081757830118,0.171,5.4,5.3
2015,E09000020,Kensington and Chelsea,132536,0.36242983038570653,0.15612361924307358,0.5213149634816201,1.4025065802534757,632.4,1.1892072138281695,0.289,9.6,3.5
2016,E09000020,Kensington and Chelsea,129608,0.3518609962348003,0.16059965434232454,0.5233010308005679,-20.49663409906488,651.6,1.2092744374187818,0.271,6.9,3.9
2017,E09000020,Kensington and Chelsea,126923,0.3428929350866273,0.16346131118867344,0.5259094096420664,-18.70351684920248,784.4,1.4020072410563447,0.261,6.7,4.2
2018,E09000020,Kensington and Chelsea,126242,0.34172462413459864,0.1647866795519716,0.5278275059013641,-6.277320150062975,670.6,1.1707446634425553,0.35200000000000004,11.0,4.7
2019,E09000020,Kensington and Chelsea,124888,0.3397043751201076,0.1672058164115047,0.5319005829222984,-9.686318585879228,763.7,1.2888842283800352,0.301,11.0,4.7
2020,E09000020,Kensington and Chelsea,123715,0.34036293092996,0.16799094693448652,0.5347532635492867,-10.146748208788326,802.0,1.3445447531920791,0.231,12.0,5.1
2021,E09000020,Kensington and Chelsea,124035,0.34975611722497685,0.16778328697545047,0.5391139597694199,1.6220037985388103,763.6,1.233992724522621,0.341,12.0,6.5
2022,E09000020,Kensington and Chelsea,125814,0.3556837871778975,0.16910677667032287,0.5409652343936286,10.387054450032801,719.1,1.1128473668027195,0.282,9.3,6.4
2023,E09000020,Kensington and Chelsea,126082,0.355379832172713,0.1727923097666598,0.5420995859837249,-2.5256145093140567,855.9,1.2372653961385331,0.35700000000000004,9.9,7.5
2015,E09000021,Kingston upon Thames,134961,0.3448774090292751,0.16694452471454715,0.5190314238928283,4.313996921130828,574.6,1.0805162319191435,0.223,6.4,3.7
2016,E09000021,Kingston upon Thames,135694,0.3388874968679529,0.16873995902545433,0.521644287883031,0.029653000587129413,566.7,1.0517124365948798,0.23,6.5,4.0
2017,E09000021,Kingston upon Thames,135705,0.3321248295936038,0.17063483290962014,0.5232821193028997,-4.822817734223639,579.9,1.0364915847636083,0.215,6.8,3.8
2018,E09000021,Kingston upon Thames,135532,0.3234217749313815,0.17322108431957028,0.523219608653307,-5.156197215653504,629.7,1.0993407613626263,0.22399999999999998,6.2,4.0
2019,E09000021,Kingston upon Thames,136460,0.3192437344276711,0.17542136889931115,0.5223801846695002,1.8374882948461988,628.0,1.0598655171175357,0.193,6.4,3.9
2020,E09000021,Kingston upon Thames,136664,0.3133012351460516,0.17690101270268688,0.5233053327869812,-3.3987159097602637,617.3,1.0348971024257736,0.191,7.7,4.0
2021,E09000021,Kingston upon Thames,135519,0.307986334019584,0.18088238549576074,0.5235870984880349,-13.661364826896518,667.9,1.079339629005577,0.16699999999999998,8.1,3.8
2022,E09000021,Kingston upon Thames,136292,0.3085654330408241,0.182739999413025,0.5265752942212308,2.348056495303887,668.1,1.033922021639406,0.161,6.5,4.1
2023,E09000021,Kingston upon Thames,138047,0.3105391641977008,0.18386491557223264,0.5276681130339667,7.290080805714955,684.3,0.989205176513142,0.159,7.6,5.9
2015,E09000022,Lambeth,268232,0.46657371230874767,0.0923566166602046,0.5104722777297265,8.19187254747105,542.9,1.020905433882532,0.16399999999999998,3.5,3.5
2016,E09000022,Lambeth,272225,0.46459730002755073,0.09208191753145376,0.5136780236936358,5.786664952099273,551.7,1.023874627262035,0.14300000000000002,3.2,3.6
2017,E09000022,Lambeth,273354,0.46036275306013447,0.09289053754472223,0.515203728498577,-3.3065731128543794,594.6,1.0627658153137465,0.15,3.3,3.7
2018,E09000022,Lambeth,275642,0.45756814999165585,0.09430348060164996,0.5162203147560966,0.5502807647990563,617.1,1.0773434712353132,0.17800000000000002,3.2,3.6
2019,E09000022,Lambeth,277431,0.4572812699373898,0.09543273823040684,0.5183378930256533,-2.1971819017762577,634.8,1.0713417679398276,0.16699999999999998,4.0,3.4
2020,E09000022,Lambeth,274776,0.45059612193204646,0.09803257926456459,0.5196596500422163,-15.061730670574176,670.8,1.1245893022958189,0.14,5.0,3.7
2021,E09000022,Lambeth,269344,0.44824091125103954,0.1021890222169419,0.5195140786503505,-26.05991356380886,681.2,1.1008326924368903,0.154,4.2,4.3
2022,E09000022,Lambeth,270263,0.45479773405904617,0.10489412165187244,0.5205078016598647,-6.516462725518405,703.0,1.0879317186237125,0.13,4.3,4.4
2023,E09000022,Lambeth,272382,0.45849211768765924,0.10715098648221982,0.5217084829394013,-2.08007830883045,774.1,1.119017575827595,0.20800000000000002,3.2,6.5
2015,E09000023,Lewisham,234655,0.39035605463339795,0.11565489761564851,0.524365557946773,2.119418751100337,517.5,0.9731415767806416,0.195,4.4,3.5
2016,E09000023,Lewisham,237761,0.38663195393693667,0.11533010039493441,0.5262385336535429,-0.7998420395637347,520.6,0.9661575692452699,0.2,4.6,3.6
2017,E09000023,Lewisham,239754,0.3825129090651251,0.1146091410362288,0.5282331055999065,-5.071047839321556,535.2,0.9565964755397193,0.134,4.3,3.1
2018,E09000023,Lewisham,242013,0.3787275890138133,0.11477069413626541,0.5300169825587882,-3.9125515048148136,551.2,0.9622941522361118,0.174,3.7,3.4
2019,E09000023,Lewisham,245140,0.3786693318103941,0.1151015746104267,0.532348861874847,-1.8894693141030252,552.0,0.9316015373389805,0.161,4.0,3.3
2020,E09000023,Lewisham,244514,0.3731524575279943,0.11622647373974496,0.5323457961507316,-15.323718064628546,574.9,0.9638139384166163,0.14400000000000002,5.1,3.6
2021,E09000023,Lewisham,242195,0.36793079956233615,0.1191560519416173,0.533157166745804,-22.95567192088343,574.9,0.9290497869670702,0.209,5.5,4.2
2022,E09000023,Lewisham,242329,0.3670175670266456,0.12211084929991871,0.5350370776918982,-10.770012434651228,608.4,0.9415329411247038,0.147,5.0,4.3
2023,E09000023,Lewisham,244267,0.3668854163681545,0.12404049666962791,0.5358644434164255,-3.1476392705470895,662.3,0.9574025842534765,0.19899999999999998,4.6,5.8
2015,E09000024,Merton,171301,0.35956591029824697,0.14595361381428013,0.5147138662354569,-0.07951691137606354,548.1,1.0306838613207143,0.175,4.2,3.3
2016,E09000024,Merton,172442,0.351248535739553,0.14761485021050555,0.5173913547743589,-5.44280185973997,585.3,1.0862313201676073,0.198,4.6,3.7
2017,E09000024,Merton,172376,0.34304079454216363,0.148924444238177,0.5192196129391563,-13.266428694106233,573.0,1.0241587826686456,0.184,5.1,3.9
2018,E09000024,Merton,172952,0.3349368610944077,0.15104190758129424,0.518380822424719,-9.029888375406507,594.1,1.0371896876695827,0.14800000000000002,5.0,3.5
2019,E09000024,Merton,173913,0.3309528327382082,0.15311678827919706,0.5206741301685326,-7.200106804653368,578.9,0.9770002354448112,0.158,4.5,3.3
2020,E09000024,Merton,174105,0.325326670687229,0.1543493868642486,0.5207202550185233,-10.884334940880052,578.3,0.9695140034550864,0.156,5.4,3.9
2021,E09000024,Merton,173212,0.32207930166501164,0.15756414105258296,0.5204547029074198,-18.869588629041992,592.1,0.9568453276451597,0.174,5.7,4.2
2022,E09000024,Merton,172669,0.3187543797670688,0.16093218817506327,0.5228095373228547,-8.400548569303364,584.4,0.9043916022243209,0.158,5.6,4.3
2023,E09000024,Merton,174888,0.3220632633456841,0.16125177256301176,0.5227402680572709,4.950837036866465,745.3,1.0773850914149419,0.217,3.6,6.8
2015,E09000025,Newham,255085,0.4702550130348707,0.08597134288570477,0.49214967559832995,1.9586948492682896,421.6,0.7928048092187797,0.273,5.0,3.4
2016,E09000025,Newham,258929,0.460442824094636,0.08613171950611943,0.498445519814312,-5.463160939592112,436.7,0.8104514223768907,0.245,4.3,3.5
2017,E09000025,Newham,261504,0.45060113803230545,0.08801012604013705,0.5000650085658346,-10.501488178806088,471.3,0.8423840039646294,0.266,4.7,4.0
2018,E09000025,Newham,266791,0.444044214385043,0.08806518960534651,0.5015274128437616,0.8445308645558232,475.9,0.830834156475264,0.271,4.2,4.4
2019,E09000025,Newham,272539,0.4407956292493918,0.08873959323252818,0.5012383548776506,-0.7175816070397328,517.5,0.8733764412552942,0.252,4.4,4.4
2020,E09000025,Newham,273560,0.4320953355753765,0.09024711215089926,0.5030048252668519,-12.573387615170345,534.4,0.8959161048701335,0.209,5.3,5.3
2021,E09000025,Newham,276319,0.42734665368650004,0.09225207097593723,0.5024156862177411,-7.5557428200514725,574.9,0.9290497869670702,0.23399999999999999,4.6,5.5
2022,E09000025,Newham,282080,0.43761698808848554,0.09350184344866705,0.5022794951786728,5.518754530164247,574.9,0.8896898222429194,0.196,5.5,5.5
2023,E09000025,Newham,292630,0.45017257287359463,0.09296039367118887,0.4980623996172641,18.631482316387558,633.9,0.9163483287909991,0.267,5.0,6.3
2015,E09000026,Redbridge,232684,0.36278815904832307,0.15382235134345293,0.5130305478674941,2.428393937984599,533.1,1.0024768590951885,0.255,5.3,3.5
2016,E09000026,Redbridge,235468,0.3577089031205939,0.1537151545008239,0.5138532624390575,-3.502327766625379,521.8,0.9683845939918972,0.22699999999999998,4.6,3.4
2017,E09000026,Redbridge,236980,0.35161617014094015,0.15469237910372183,0.5130981517427631,-10.43678927360862,546.8,0.9773298819602362,0.242,4.8,3.4
2018,E09000026,Redbridge,239734,0.3470054310193798,0.15444200655726764,0.5115961857725646,-5.018763700415424,555.8,0.9703249089492577,0.271,4.4,3.5
2019,E09000026,Redbridge,242660,0.34417703783070963,0.1550358526333141,0.5095112503090744,-4.381294502533838,565.6,0.9545540389835642,0.268,5.5,4.0
2020,E09000026,Redbridge,242830,0.33811720133426676,0.1557921179425936,0.5103323312605527,-11.778668805132318,581.6,0.975046419521837,0.243,5.6,4.5
2021,E09000026,Redbridge,241977,0.3334862404278093,0.15772160163982527,0.510705562925402,-16.283494018637345,579.3,0.9361602741172791,0.28300000000000003,5.6,5.1
2022,E09000026,Redbridge,242918,0.33422389448291195,0.160576820161536,0.5106826171794597,-2.6345429982447075,581.7,0.900213201598028,0.237,6.4,4.9
2023,E09000026,Redbridge,247590,0.34406882345813644,0.16027707096409385,0.5067692556242175,8.475593575860195,632.7,0.914613641940472,0.287,5.1,5.6
2015,E09000027,Richmond upon Thames,154929,0.2717180127671385,0.18406495878757367,0.5221294915735595,-6.437019788065611,648.0,1.2185424961427165,0.17300000000000001,5.6,3.4
2016,E09000027,Richmond upon Thames,155841,0.26669490057173656,0.18713303944404874,0.5224748301153098,-1.9256927144625635,688.8,1.278312204564237,0.159,6.9,3.5
2017,E09000027,Richmond upon Thames,156177,0.2598077821958419,0.19026489175742908,0.5230219558577768,-5.816641181819567,665.9,1.190204770295028,0.231,5.9,3.9
2018,E09000027,Richmond upon Thames,156448,0.25278047658007774,0.19351477807322562,0.5248133565146247,-6.985627970921119,677.6,1.1829653801799516,0.193,5.8,3.9
2019,E09000027,Richmond upon Thames,157508,0.25165705868908245,0.19548213424080046,0.5248431825685045,-2.6238110856018366,721.1,1.2169888923462662,0.179,5.4,3.9
2020,E09000027,Richmond upon Thames,157684,0.24791989041373888,0.1980226275335481,0.5261155221836077,-8.321663119258634,702.9,1.178404622217846,0.187,7.1,4.0
2021,E09000027,Richmond upon Thames,156059,0.2455994207319027,0.2028143202250431,0.5268199847493577,-20.321019890945397,704.5,1.1384859539368604,0.20800000000000002,6.5,4.0
2022,E09000027,Richmond upon Thames,155772,0.24223865649795856,0.20727730272449477,0.527476054746681,-3.4102255562098365,709.3,1.097681320085063,0.21899999999999997,6.0,4.2
2023,E09000027,Richmond upon Thames,156609,0.24275105517562848,0.20934301349220033,0.5274537223275801,2.0605831858452217,749.5,1.0834564953917871,0.165,7.4,5.7
2015,E09000028,Southwark,249106,0.45086027634822123,0.09470265670036049,0.5143111767681228,8.189496395306005,557.0,1.0474200159745264,0.19399999999999998,3.9,3.1
2016,E09000028,Southwark,251548,0.4464754241735176,0.09457837072844943,0.5155517038497622,2.657146583202921,543.0,1.0077286978489848,0.184,3.6,3.3
2017,E09000028,Southwark,252574,0.4414824962189299,0.0955244799543896,0.5174483517701742,-2.5679365492133663,587.1,1.0493605956453087,0.155,3.1,3.1
2018,E09000028,Southwark,255471,0.4404726955309996,0.09583475228108082,0.5185794082302884,3.7617716398490137,589.4,1.0289843492887596,0.174,3.4,3.3
2019,E09000028,Southwark,258204,0.4408026211832505,0.09681879444160431,0.5197247137921953,2.0282093854269636,628.0,1.0598655171175357,0.18600000000000003,3.4,3.6
2020,E09000028,Southwark,258351,0.43620113721255194,0.09830037429698356,0.5203695747258574,-5.883578215378699,620.9,1.0409324654076832,0.133,5.0,3.6
2021,E09000028,Southwark,255616,0.43484758387581374,0.10179331497245869,0.5218139709564347,-19.171214166030996,637.8,1.0306974328189205,0.182,4.9,4.2
2022,E09000028,Southwark,258838,0.4407042242638253,0.10362079756449981,0.52309166351154,1.7166299741050732,672.3,1.0404217559469728,0.209,4.5,5.1
2023,E09000028,Southwark,263461,0.44485521576248477,0.10507437533448974,0.5238080778559255,7.304974719683558,731.5,1.0574361926338791,0.21600000000000003,4.4,6.0
2015,E09000029,Sutton,159846,0.2992067364838657,0.1874178897188544,0.5212517047658372,3.255337759930023,498.3,0.9370366139319686,0.174,5.0,3.7
2016,E09000029,Sutton,161253,0.29504567356886385,0.18826936553118392,0.5223220653259164,3.512068431226912,532.9,0.9889845728982025,0.171,5.0,3.5
2017,E09000029,Sutton,162156,0.28986284812156193,0.1884913293371815,0.5230765435753225,0.34175682537202673,515.2,0.920849223090552,0.161,5.4,3.4
2018,E09000029,Sutton,163063,0.2847549720046853,0.18923360909587092,0.5238343462342776,1.3670341176812775,548.7,0.9579296105441846,0.162,5.0,3.4
2019,E09000029,Sutton,164805,0.28297078365340855,0.19016413336974,0.5238129911107066,4.618350630167469,549.0,0.9265384855056165,0.165,5.7,3.2
2020,E09000029,Sutton,165780,0.2790022921944746,0.19074074074074074,0.5243515502473157,1.3624172903139753,543.3,0.9108368633531878,0.17300000000000001,5.0,4.3
2021,E09000029,Sutton,165722,0.2765233342585776,0.1922919105489917,0.5243781754987268,-6.010962851295458,576.9,0.9322818265808015,0.172,6.2,4.0
2022,E09000029,Sutton,165883,0.2705280227630318,0.19408257627363865,0.5243454724112778,-0.05228907300980658,577.3,0.8934039561329576,0.168,5.3,4.3
2023,E09000029,Sutton,167432,0.26857470495484737,0.19370849061111375,0.5233348463853983,6.941828046115591,635.1,0.9180830156415264,0.147,5.2,5.2
2015,E09000030,Tower Hamlets,227456,0.5473058525604952,0.07069499155880697,0.4927546426561621,12.756744518420513,554.9,1.0434710356629526,0.226,4.6,3.4
2016,E09000030,Tower Hamlets,232907,0.5426328963921222,0.06946549481123367,0.4944591618113668,14.47695762445028,557.9,1.0353809217862773,0.223,4.6,3.8
2017,E09000030,Tower Hamlets,236570,0.5349072156232827,0.06998351439320286,0.49539248425413196,7.9550022825916615,592.0,1.0581186724953546,0.313,4.8,4.1
2018,E09000030,Tower Hamlets,242277,0.5313215864485692,0.06944943184866909,0.497182976510358,14.667555407432095,627.6,1.0956745463414075,0.22699999999999998,4.0,4.2
2019,E09000030,Tower Hamlets,247296,0.528609439699793,0.06903063535196688,0.4971532091097309,10.463309578910794,688.9,1.1626454693348254,0.258,4.5,4.3
2020,E09000030,Tower Hamlets,248994,0.5212736049864656,0.06921451922536286,0.4984176325533949,0.29662950648673314,665.0,1.1148656619360757,0.22399999999999998,6.5,5.4
2021,E09000030,Tower Hamlets,255045,0.5218961359760043,0.06909761022564645,0.49922170597345567,15.816318372959405,685.2,1.1072967716643531,0.231,5.0,4.8
2022,E09000030,Tower Hamlets,267086,0.530110151786316,0.0690676411343163,0.5013329040084468,27.591641247102785,725.2,1.1222874571065666,0.23399999999999999,4.5,5.3
2023,E09000030,Tower Hamlets,272508,0.528912912648436,0.0696750187150469,0.5019705843498172,4.286890500481554,785.8,1.1359307726202352,0.289,4.3,6.1
2015,E09000031,Waltham Forest,216476,0.3920896542803821,0.12461427594744914,0.5081579482252074,1.303814202834157,476.3,0.8956663440011973,0.22699999999999998,5.2,4.2
2016,E09000031,Waltham Forest,218309,0.3854719686316185,0.12448868347159302,0.511417302997128,-4.605151562178569,483.4,0.8971198020998145,0.209,4.8,4.0
2017,E09000031,Waltham Forest,219081,0.37795153390755015,0.12461600960375387,0.5129198789488819,-9.273475845454055,499.4,0.8926088936557095,0.187,4.4,3.5
2018,E09000031,Waltham Forest,220975,0.37144020816834483,0.1250729720556624,0.5133340875664668,-6.097321253060276,529.7,0.9247590936855378,0.195,4.6,3.8
2019,E09000031,Waltham Forest,222756,0.3660238108064429,0.12572949774641312,0.5141634793226669,-7.544081276800171,574.9,0.9702494996669925,0.20199999999999999,5.0,4.2
2020,E09000031,Waltham Forest,222092,0.35677106784575763,0.1273436233632909,0.5151558813464691,-15.308002446990809,596.8,1.0005290632232329,0.207,6.5,4.5
2021,E09000031,Waltham Forest,221902,0.35038440392605746,0.12887220484718478,0.5151508323494155,-13.622293247815005,629.6,1.017446070402622,0.187,4.2,4.6
2022,E09000031,Waltham Forest,219792,0.3438387202445949,0.13224776151998252,0.5178441435539055,-18.028109785497033,647.0,1.0012685945228195,0.252,4.8,4.9
2023,E09000031,Waltham Forest,222186,0.34408108521689035,0.13248809555957622,0.5174313413086333,1.4075100715963031,683.5,0.9880487186127905,0.24100000000000002,3.4,6.2
2015,E09000032,Wandsworth,267971,0.45808688253579677,0.10838486254109586,0.5297625489325337,1.1002361633680244,670.1,1.2601008127549913,0.168,3.6,3.3
2016,E09000032,Wandsworth,271036,0.45365191339895805,0.10888221490872062,0.5319625437211293,4.2063275666103985,684.7,1.2707032033465928,0.17,3.9,3.6
2017,E09000032,Wandsworth,273583,0.4498525127657786,0.10961572904749199,0.5332787490450795,2.0759166355582668,681.2,1.2175514184186411,0.185,3.8,3.8
2018,E09000032,Wandsworth,275157,0.44518220506837913,0.11054779634899349,0.5365046137296162,-1.3260075694190636,695.7,1.2145646620295047,0.163,3.3,3.5
2019,E09000032,Wandsworth,278704,0.4453542109191113,0.11096360296228257,0.5350228199092945,3.7033937314307237,720.9,1.216651355557375,0.161,3.6,3.6
2020,E09000032,Wandsworth,278507,0.4415328878627826,0.1119325546575131,0.5340655710628458,-7.372376962221064,755.2,1.2660850344272547,0.13,5.0,3.6
2021,E09000032,Wandsworth,274437,0.4397439120818257,0.11530879582563576,0.5327087819791063,-20.68026879477756,746.0,1.2055507759217854,0.152,5.2,3.9
2022,E09000032,Wandsworth,276927,0.44575646289455345,0.11662640334817478,0.5341263220993259,-1.0319355297521235,835.8,1.2934471272058305,0.08800000000000001,5.4,3.2
2023,E09000032,Wandsworth,280846,0.4524365666593079,0.11695021470841671,0.5347378990621194,3.411619875456405,844.7,1.2210749855336127,0.121,4.8,4.5
2015,E09000033,Westminster,184452,0.4032376986966799,0.13613839914991435,0.4988018563095006,7.749819340732643,656.0,1.233586230662997,0.278,7.1,3.7
2016,E09000033,Westminster,182345,0.40053195864981217,0.13657078614713866,0.5014340947105761,-11.956302505241728,667.5,1.2387825153115974,0.276,5.1,3.8
2017,E09000033,Westminster,180167,0.39237485222043994,0.13919863237995858,0.5043376422985342,-13.361272266807312,730.8,1.3062046044925761,0.297,5.7,4.1
2018,E09000033,Westminster,179954,0.3930504462251464,0.13924669637796325,0.508218767018238,-2.3538605218518307,757.1,1.3217578059832369,0.28,5.5,4.4
2019,E09000033,Westminster,179331,0.3961612883439004,0.14008732455626746,0.5115902995020382,-6.002447040760022,703.9,1.1879607285016456,0.249,6.2,4.6
2020,E09000033,Westminster,177611,0.3961184836524765,0.14084713221591005,0.5147372628947532,-11.394584289771622,701.1,1.1753869407268913,0.24,9.2,5.8
2021,E09000033,Westminster,178957,0.4088971093614667,0.13974865470476147,0.5202869963175512,6.177129554478784,771.1,1.2461128730741136,0.22899999999999998,7.7,6.1
2022,E09000033,Westminster,182516,0.4176346183348309,0.1392316290078678,0.5238773586973197,12.310529156893562,738.5,1.1428699490805287,0.272,7.1,5.7
2023,E09000033,Westminster,184068,0.417715192211574,0.1411489232240259,0.523817284916444,1.9177366909548335,767.5,1.1094767981496954,0.25,7.3,7.4
